[{"ref":"1141","request":"home","title":"Home","seo_title":"Home","keywords":"","description":"","parent_id":"0","display_order":"1","type":"home","template_ref":"1","menu":"1","basekit_objects_ref":null,"modified":"2019-04-24 10:02:34","redirection":null,"priority":"1","changefreq":"monthly","can_publish":"1","headScript":"","bodyScript":"","status":"active","theme_ref":"1","color_swatch_ref":"1","font_swatch_ref":"1","password":null,"do_sub_page":"0","do_default":"0","templateType":"home","hiddenFromNavigation":"0","exclude_from_sitemap":"0","excludeFromPageLimit":"0","siteRef":"106","language":null},{"ref":"1142","request":"about","title":"About","seo_title":"","keywords":null,"description":null,"parent_id":"0","display_order":"2","type":"page","template_ref":"1","menu":"1","basekit_objects_ref":null,"modified":"2019-04-24 10:02:40","redirection":null,"priority":"0","changefreq":"monthly","can_publish":"1","headScript":null,"bodyScript":null,"status":"active","theme_ref":"1","color_swatch_ref":"1","font_swatch_ref":"1","password":null,"do_sub_page":"0","do_default":"0","templateType":"about","hiddenFromNavigation":"0","exclude_from_sitemap":"0","excludeFromPageLimit":"0","siteRef":"106","language":null},{"ref":"1143","request":"sections\/","title":"Sections","seo_title":"","keywords":null,"description":null,"parent_id":"0","display_order":"3","type":"folder","template_ref":"1","menu":"0","basekit_objects_ref":null,"modified":"2019-05-08 12:36:28","redirection":null,"priority":"0","changefreq":"0","can_publish":"0","headScript":null,"bodyScript":null,"status":"active","theme_ref":"1","color_swatch_ref":"1","font_swatch_ref":"1","password":null,"do_sub_page":"0","do_default":"0","templateType":"default","hiddenFromNavigation":"0","exclude_from_sitemap":"0","excludeFromPageLimit":"1","siteRef":"106","language":null},{"ref":"1144","request":"sections\/index","title":"Image & Text","seo_title":"Image & Text","keywords":"","description":"","parent_id":"1143","display_order":"5","type":"index","template_ref":"1","menu":"1","basekit_objects_ref":null,"modified":"2019-05-08 12:36:28","redirection":null,"priority":"0","changefreq":"monthly","can_publish":"1","headScript":null,"bodyScript":null,"status":"active","theme_ref":"1","color_swatch_ref":"1","font_swatch_ref":"1","password":null,"do_sub_page":"0","do_default":"0","templateType":"default","hiddenFromNavigation":"0","exclude_from_sitemap":"0","excludeFromPageLimit":"0","siteRef":"106","language":null},{"ref":"1145","request":"sections\/hero","title":"Hero","seo_title":"","keywords":"","description":"","parent_id":"1143","display_order":"6","type":"page","template_ref":"1","menu":"1","basekit_objects_ref":null,"modified":"2019-05-08 12:36:28","redirection":null,"priority":"0","changefreq":"monthly","can_publish":"1","headScript":null,"bodyScript":null,"status":"active","theme_ref":"1","color_swatch_ref":"1","font_swatch_ref":"1","password":null,"do_sub_page":"0","do_default":"0","templateType":"default","hiddenFromNavigation":"0","exclude_from_sitemap":"0","excludeFromPageLimit":"0","siteRef":"106","language":null},{"ref":"1146","request":"sections\/text","title":"Text","seo_title":"","keywords":null,"description":null,"parent_id":"1143","display_order":"7","type":"page","template_ref":"1","menu":"1","basekit_objects_ref":null,"modified":"2019-05-08 12:36:28","redirection":null,"priority":"0","changefreq":"monthly","can_publish":"1","headScript":null,"bodyScript":null,"status":"active","theme_ref":"1","color_swatch_ref":"1","font_swatch_ref":"1","password":null,"do_sub_page":"0","do_default":"0","templateType":"default","hiddenFromNavigation":"0","exclude_from_sitemap":"0","excludeFromPageLimit":"0","siteRef":"106","language":null},{"ref":"1147","request":"sections\/images","title":"Images","seo_title":"","keywords":null,"description":null,"parent_id":"1143","display_order":"8","type":"page","template_ref":"1","menu":"1","basekit_objects_ref":null,"modified":"2019-05-08 12:36:28","redirection":null,"priority":"0","changefreq":"monthly","can_publish":"1","headScript":null,"bodyScript":null,"status":"active","theme_ref":"1","color_swatch_ref":"1","font_swatch_ref":"1","password":null,"do_sub_page":"0","do_default":"0","templateType":"default","hiddenFromNavigation":"0","exclude_from_sitemap":"0","excludeFromPageLimit":"0","siteRef":"106","language":null},{"ref":"1148","request":"sections\/gallery-slideshow","title":"Gallery & Slideshow","seo_title":"","keywords":null,"description":null,"parent_id":"1143","display_order":"9","type":"page","template_ref":"1","menu":"1","basekit_objects_ref":null,"modified":"2019-05-08 12:36:28","redirection":null,"priority":"0","changefreq":"monthly","can_publish":"1","headScript":null,"bodyScript":null,"status":"active","theme_ref":"1","color_swatch_ref":"1","font_swatch_ref":"1","password":null,"do_sub_page":"0","do_default":"0","templateType":"default","hiddenFromNavigation":"0","exclude_from_sitemap":"0","excludeFromPageLimit":"0","siteRef":"106","language":null},{"ref":"1149","request":"sections\/form","title":"Form","seo_title":"","keywords":null,"description":null,"parent_id":"1143","display_order":"10","type":"page","template_ref":"1","menu":"1","basekit_objects_ref":null,"modified":"2019-05-08 12:36:28","redirection":null,"priority":"0","changefreq":"monthly","can_publish":"1","headScript":null,"bodyScript":null,"status":"active","theme_ref":"1","color_swatch_ref":"1","font_swatch_ref":"1","password":null,"do_sub_page":"0","do_default":"0","templateType":"default","hiddenFromNavigation":"0","exclude_from_sitemap":"0","excludeFromPageLimit":"0","siteRef":"106","language":null},{"ref":"1150","request":"sections\/contact","title":"Contact","seo_title":"","keywords":null,"description":null,"parent_id":"1143","display_order":"11","type":"page","template_ref":"1","menu":"1","basekit_objects_ref":null,"modified":"2019-05-08 12:36:28","redirection":null,"priority":"0","changefreq":"monthly","can_publish":"1","headScript":null,"bodyScript":null,"status":"active","theme_ref":"1","color_swatch_ref":"1","font_swatch_ref":"1","password":null,"do_sub_page":"0","do_default":"0","templateType":"default","hiddenFromNavigation":"0","exclude_from_sitemap":"0","excludeFromPageLimit":"0","siteRef":"106","language":null},{"ref":"1151","request":"sections\/promotional","title":"Promotional","seo_title":"","keywords":null,"description":null,"parent_id":"1143","display_order":"12","type":"page","template_ref":"1","menu":"1","basekit_objects_ref":null,"modified":"2019-05-08 12:36:28","redirection":null,"priority":"0","changefreq":"monthly","can_publish":"1","headScript":null,"bodyScript":null,"status":"active","theme_ref":"1","color_swatch_ref":"1","font_swatch_ref":"1","password":null,"do_sub_page":"0","do_default":"0","templateType":"default","hiddenFromNavigation":"0","exclude_from_sitemap":"0","excludeFromPageLimit":"0","siteRef":"106","language":null},{"ref":"1152","request":"sections\/social","title":"Social","seo_title":"","keywords":null,"description":null,"parent_id":"1143","display_order":"13","type":"page","template_ref":"1","menu":"1","basekit_objects_ref":null,"modified":"2019-05-08 12:36:28","redirection":null,"priority":"0","changefreq":"monthly","can_publish":"1","headScript":null,"bodyScript":null,"status":"active","theme_ref":"1","color_swatch_ref":"1","font_swatch_ref":"1","password":null,"do_sub_page":"0","do_default":"0","templateType":"default","hiddenFromNavigation":"0","exclude_from_sitemap":"0","excludeFromPageLimit":"0","siteRef":"106","language":null},{"ref":"1153","request":"sections\/page-title","title":"Page Title","seo_title":"","keywords":null,"description":null,"parent_id":"1143","display_order":"14","type":"page","template_ref":"1","menu":"1","basekit_objects_ref":null,"modified":"2019-05-08 12:36:28","redirection":null,"priority":"0","changefreq":"monthly","can_publish":"1","headScript":null,"bodyScript":null,"status":"active","theme_ref":"1","color_swatch_ref":"1","font_swatch_ref":"1","password":null,"do_sub_page":"0","do_default":"0","templateType":"default","hiddenFromNavigation":"0","exclude_from_sitemap":"0","excludeFromPageLimit":"0","siteRef":"106","language":null},{"ref":"1154","request":"sections\/video-audio","title":"Video & Audio","seo_title":"","keywords":null,"description":null,"parent_id":"1143","display_order":"15","type":"page","template_ref":"1","menu":"1","basekit_objects_ref":null,"modified":"2019-05-08 12:36:28","redirection":null,"priority":"0","changefreq":"monthly","can_publish":"1","headScript":null,"bodyScript":null,"status":"active","theme_ref":"1","color_swatch_ref":"1","font_swatch_ref":"1","password":null,"do_sub_page":"0","do_default":"0","templateType":"default","hiddenFromNavigation":"0","exclude_from_sitemap":"0","excludeFromPageLimit":"0","siteRef":"106","language":null},{"ref":"1155","request":"sections\/files","title":"Files","seo_title":"","keywords":null,"description":null,"parent_id":"1143","display_order":"16","type":"page","template_ref":"1","menu":"1","basekit_objects_ref":null,"modified":"2019-05-08 12:36:28","redirection":null,"priority":"0","changefreq":"monthly","can_publish":"1","headScript":null,"bodyScript":null,"status":"active","theme_ref":"1","color_swatch_ref":"1","font_swatch_ref":"1","password":null,"do_sub_page":"0","do_default":"0","templateType":"default","hiddenFromNavigation":"0","exclude_from_sitemap":"0","excludeFromPageLimit":"0","siteRef":"106","language":null},{"ref":"1156","request":"sections\/embed","title":"Embed","seo_title":"","keywords":null,"description":null,"parent_id":"1143","display_order":"17","type":"page","template_ref":"1","menu":"1","basekit_objects_ref":null,"modified":"2019-05-08 12:36:28","redirection":null,"priority":"0","changefreq":"monthly","can_publish":"1","headScript":null,"bodyScript":null,"status":"active","theme_ref":"1","color_swatch_ref":"1","font_swatch_ref":"1","password":null,"do_sub_page":"0","do_default":"0","templateType":"default","hiddenFromNavigation":"0","exclude_from_sitemap":"0","excludeFromPageLimit":"0","siteRef":"106","language":null},{"ref":"1157","request":"sections\/store1","title":"Store","seo_title":"","keywords":null,"description":null,"parent_id":"1143","display_order":"18","type":"page","template_ref":"1","menu":"1","basekit_objects_ref":null,"modified":"2019-05-08 12:36:28","redirection":null,"priority":"0","changefreq":"monthly","can_publish":"1","headScript":null,"bodyScript":null,"status":"active","theme_ref":"1","color_swatch_ref":"1","font_swatch_ref":"1","password":null,"do_sub_page":"0","do_default":"0","templateType":"default","hiddenFromNavigation":"0","exclude_from_sitemap":"0","excludeFromPageLimit":"0","siteRef":"106","language":null},{"ref":"1158","request":"sections\/paypal","title":"Paypal","seo_title":"","keywords":null,"description":null,"parent_id":"1143","display_order":"19","type":"page","template_ref":"1","menu":"1","basekit_objects_ref":null,"modified":"2019-05-08 12:36:28","redirection":null,"priority":"0","changefreq":"monthly","can_publish":"1","headScript":null,"bodyScript":null,"status":"active","theme_ref":"1","color_swatch_ref":"1","font_swatch_ref":"1","password":null,"do_sub_page":"0","do_default":"0","templateType":"default","hiddenFromNavigation":"0","exclude_from_sitemap":"0","excludeFromPageLimit":"0","siteRef":"106","language":null},{"ref":"1189","request":"sections\/widgets-sections","title":"Widgets in sections","seo_title":"","keywords":"","description":"","parent_id":"1143","display_order":"4","type":"page","template_ref":"1","menu":"1","basekit_objects_ref":null,"modified":"2019-05-08 12:41:31","redirection":null,"priority":"0","changefreq":"monthly","can_publish":"1","headScript":null,"bodyScript":null,"status":"active","theme_ref":"1","color_swatch_ref":"1","font_swatch_ref":"1","password":null,"do_sub_page":"0","do_default":"0","templateType":"default","hiddenFromNavigation":"0","exclude_from_sitemap":"0","excludeFromPageLimit":"0","siteRef":"106","language":null}]