[{"ref":"266674","request":"home","title":"Home","seo_title":"Home","keywords":"","description":"","parent_id":"0","display_order":"1","type":"home","template_ref":"1","menu":"1","basekit_objects_ref":null,"modified":"2019-04-24 10:02:34","redirection":null,"priority":"1","changefreq":"monthly","can_publish":"1","headScript":"","bodyScript":"","status":"active","theme_ref":"1","color_swatch_ref":"1","font_swatch_ref":"1","password":null,"do_sub_page":"0","do_default":"0","templateType":"home","hiddenFromNavigation":"0","exclude_from_sitemap":"0","excludeFromPageLimit":"0","siteRef":"315103","language":null},{"ref":"266678","request":"about","title":"About","seo_title":"","keywords":null,"description":null,"parent_id":"0","display_order":"2","type":"page","template_ref":"1","menu":"1","basekit_objects_ref":null,"modified":"2019-04-24 10:02:40","redirection":null,"priority":"0","changefreq":"monthly","can_publish":"1","headScript":null,"bodyScript":null,"status":"active","theme_ref":"1","color_swatch_ref":"1","font_swatch_ref":"1","password":null,"do_sub_page":"0","do_default":"0","templateType":"about","hiddenFromNavigation":"0","exclude_from_sitemap":"0","excludeFromPageLimit":"0","siteRef":"315103","language":null}]