[{"ref":"16888","name":"@font-swatch1-font-family","value":"\"Ubuntu\", Candara, Futura, sans-serif","siteRef":"100"},{"ref":"16889","name":"@font-swatch1-font-size","value":"26px","siteRef":"100"},{"ref":"16890","name":"@font-swatch1-font-weight","value":"400","siteRef":"100"},{"ref":"16891","name":"@font-swatch1-line-height","value":"36px","siteRef":"100"},{"ref":"16892","name":"@font-swatch1-color","value":"@color-swatch4","siteRef":"100"},{"ref":"16893","name":"@font-swatch2-font-family","value":"\"Ubuntu\", Candara, Futura, sans-serif","siteRef":"100"},{"ref":"16894","name":"@font-swatch2-font-size","value":"24px","siteRef":"100"},{"ref":"16895","name":"@font-swatch2-font-weight","value":"400","siteRef":"100"},{"ref":"16896","name":"@font-swatch2-line-height","value":"34px","siteRef":"100"},{"ref":"16897","name":"@font-swatch2-color","value":"@color-swatch4","siteRef":"100"},{"ref":"16898","name":"@font-swatch3-font-family","value":"\"Ubuntu\", Candara, Futura, sans-serif","siteRef":"100"},{"ref":"16899","name":"@font-swatch3-font-size","value":"22px","siteRef":"100"},{"ref":"16900","name":"@font-swatch3-font-weight","value":"400","siteRef":"100"},{"ref":"16901","name":"@font-swatch3-line-height","value":"32px","siteRef":"100"},{"ref":"16902","name":"@font-swatch3-color","value":"@color-swatch4","siteRef":"100"},{"ref":"16903","name":"@font-swatch4-font-family","value":"\"Ubuntu\", Candara, Futura, sans-serif","siteRef":"100"},{"ref":"16904","name":"@font-swatch4-font-size","value":"16px","siteRef":"100"},{"ref":"16905","name":"@font-swatch4-font-weight","value":"400","siteRef":"100"},{"ref":"16906","name":"@font-swatch4-line-height","value":"26px","siteRef":"100"},{"ref":"16907","name":"@font-swatch4-color","value":"@color-swatch5","siteRef":"100"},{"ref":"16908","name":"@font-swatch5-font-family","value":"\"Ubuntu\", Candara, Futura, sans-serif","siteRef":"100"},{"ref":"16909","name":"@font-swatch5-font-size","value":"16px","siteRef":"100"},{"ref":"16910","name":"@font-swatch5-font-weight","value":"400","siteRef":"100"},{"ref":"16911","name":"@font-swatch5-line-height","value":"26px","siteRef":"100"},{"ref":"16912","name":"@font-swatch5-color","value":"@color-swatch5","siteRef":"100"},{"ref":"16913","name":"@color-swatch1","value":"#ffffff","siteRef":"100"},{"ref":"16914","name":"@color-swatch2","value":"#53c2e8","siteRef":"100"},{"ref":"16915","name":"@color-swatch3","value":"#5a5959","siteRef":"100"},{"ref":"16916","name":"@color-swatch4","value":"#333132","siteRef":"100"},{"ref":"16917","name":"@color-swatch5","value":"#7e7f82","siteRef":"100"},{"ref":"16918","name":"@siteBackgroundColor","value":"transparent","siteRef":"100"},{"ref":"16919","name":"@siteBackgroundGradientType","value":"vertical","siteRef":"100"},{"ref":"16920","name":"@siteBackgroundGradientFrom","value":"transparent","siteRef":"100"},{"ref":"16921","name":"@siteBackgroundGradientTo","value":"transparent","siteRef":"100"},{"ref":"16922","name":"@siteBackgroundImageScale","value":"original","siteRef":"100"},{"ref":"16923","name":"@siteBackgroundImage","value":"none","siteRef":"100"},{"ref":"16924","name":"@siteBackgroundPositionX","value":"center","siteRef":"100"},{"ref":"16925","name":"@siteBackgroundPositionY","value":"top","siteRef":"100"},{"ref":"16926","name":"@siteBackgroundRepeat","value":"no-repeat","siteRef":"100"},{"ref":"16927","name":"@font-swatch1-letter-spacing","value":"0px","siteRef":"100"},{"ref":"16928","name":"@font-swatch2-letter-spacing","value":"0px","siteRef":"100"},{"ref":"16929","name":"@font-swatch3-letter-spacing","value":"0px","siteRef":"100"},{"ref":"16930","name":"@font-swatch4-letter-spacing","value":"0px","siteRef":"100"},{"ref":"16931","name":"@font-swatch5-letter-spacing","value":"0px","siteRef":"100"},{"ref":"16932","name":"@font-swatch6-font-family","value":"\"Ubuntu\", Candara, Futura, sans-serif","siteRef":"100"},{"ref":"16933","name":"@font-swatch6-font-size","value":"16px","siteRef":"100"},{"ref":"16934","name":"@font-swatch6-font-weight","value":"400","siteRef":"100"},{"ref":"16935","name":"@font-swatch6-line-height","value":"26px","siteRef":"100"},{"ref":"16936","name":"@font-swatch6-letter-spacing","value":"0px","siteRef":"100"},{"ref":"16937","name":"@font-swatch6-color","value":"@color-swatch6","siteRef":"100"},{"ref":"16938","name":"@font-swatch6-color-hover","value":"@color-swatch4","siteRef":"100"},{"ref":"16939","name":"@font-swatch6-background-color","value":"@color-swatch1","siteRef":"100"},{"ref":"16940","name":"@font-swatch6-background-color-hover","value":"@color-swatch1","siteRef":"100"},{"ref":"16941","name":"@font-swatch7-font-family","value":"\"Ubuntu\", Candara, Futura, sans-serif","siteRef":"100"},{"ref":"16942","name":"@font-swatch7-font-size","value":"16px","siteRef":"100"},{"ref":"16943","name":"@font-swatch7-font-weight","value":"400","siteRef":"100"},{"ref":"16944","name":"@font-swatch7-line-height","value":"26px","siteRef":"100"},{"ref":"16945","name":"@font-swatch7-letter-spacing","value":"0px","siteRef":"100"},{"ref":"16946","name":"@font-swatch7-color","value":"@color-swatch7","siteRef":"100"},{"ref":"16947","name":"@font-swatch7-background-color","value":"@color-swatch3","siteRef":"100"},{"ref":"16948","name":"@font-swatch7-background-color-hover","value":"@color-swatch2","siteRef":"100"},{"ref":"16949","name":"@color-swatch6","value":"#a8a7a7","siteRef":"100"},{"ref":"16950","name":"@color-swatch7","value":"#ffffff","siteRef":"100"},{"ref":"16951","name":"@font-swatch8-font-family","value":"\"Ubuntu\", Candara, Futura, sans-serif","siteRef":"100"},{"ref":"16952","name":"@font-swatch8-font-size","value":"40px","siteRef":"100"},{"ref":"16953","name":"@font-swatch8-font-weight","value":"400","siteRef":"100"},{"ref":"16954","name":"@font-swatch8-line-height","value":"50px","siteRef":"100"},{"ref":"16955","name":"@font-swatch8-letter-spacing","value":"0px","siteRef":"100"},{"ref":"16956","name":"@font-swatch8-color","value":"@color-swatch7","siteRef":"100"},{"ref":"16957","name":"@font-swatch9-font-family","value":"\"Ubuntu\", Candara, Futura, sans-serif","siteRef":"100"},{"ref":"16958","name":"@font-swatch9-font-size","value":"18px","siteRef":"100"},{"ref":"16959","name":"@font-swatch9-font-weight","value":"400","siteRef":"100"},{"ref":"16960","name":"@font-swatch9-line-height","value":"28px","siteRef":"100"},{"ref":"16961","name":"@font-swatch9-letter-spacing","value":"0px","siteRef":"100"},{"ref":"16962","name":"@font-swatch9-color","value":"@color-swatch7","siteRef":"100"},{"ref":"16963","name":"@font-swatch10-font-family","value":"\"Ubuntu\", Candara, Futura, sans-serif","siteRef":"100"},{"ref":"16964","name":"@font-swatch10-font-size","value":"30px","siteRef":"100"},{"ref":"16965","name":"@font-swatch10-font-weight","value":"700","siteRef":"100"},{"ref":"16966","name":"@font-swatch10-line-height","value":"40px","siteRef":"100"},{"ref":"16967","name":"@font-swatch10-letter-spacing","value":"0px","siteRef":"100"},{"ref":"16968","name":"@font-swatch10-color","value":"@color-swatch4","siteRef":"100"},{"ref":"16969","name":"@color--light","value":"#ffffff","siteRef":"100"},{"ref":"16970","name":"@color--accent","value":"#53c2e8","siteRef":"100"},{"ref":"16971","name":"@color--dark","value":"#000000","siteRef":"100"}]