[{"ref":"8857","name":"@font-swatch1-font-family","value":"\"Ubuntu\", Candara, Futura, sans-serif","siteRef":"53"},{"ref":"8858","name":"@font-swatch1-font-size","value":"26px","siteRef":"53"},{"ref":"8859","name":"@font-swatch1-font-weight","value":"400","siteRef":"53"},{"ref":"8860","name":"@font-swatch1-line-height","value":"36px","siteRef":"53"},{"ref":"8861","name":"@font-swatch1-color","value":"@color-swatch4","siteRef":"53"},{"ref":"8862","name":"@font-swatch2-font-family","value":"\"Ubuntu\", Candara, Futura, sans-serif","siteRef":"53"},{"ref":"8863","name":"@font-swatch2-font-size","value":"24px","siteRef":"53"},{"ref":"8864","name":"@font-swatch2-font-weight","value":"400","siteRef":"53"},{"ref":"8865","name":"@font-swatch2-line-height","value":"34px","siteRef":"53"},{"ref":"8866","name":"@font-swatch2-color","value":"@color-swatch4","siteRef":"53"},{"ref":"8867","name":"@font-swatch3-font-family","value":"\"Ubuntu\", Candara, Futura, sans-serif","siteRef":"53"},{"ref":"8868","name":"@font-swatch3-font-size","value":"22px","siteRef":"53"},{"ref":"8869","name":"@font-swatch3-font-weight","value":"400","siteRef":"53"},{"ref":"8870","name":"@font-swatch3-line-height","value":"32px","siteRef":"53"},{"ref":"8871","name":"@font-swatch3-color","value":"@color-swatch4","siteRef":"53"},{"ref":"8872","name":"@font-swatch4-font-family","value":"\"Ubuntu\", Candara, Futura, sans-serif","siteRef":"53"},{"ref":"8873","name":"@font-swatch4-font-size","value":"16px","siteRef":"53"},{"ref":"8874","name":"@font-swatch4-font-weight","value":"400","siteRef":"53"},{"ref":"8875","name":"@font-swatch4-line-height","value":"26px","siteRef":"53"},{"ref":"8876","name":"@font-swatch4-color","value":"@color-swatch5","siteRef":"53"},{"ref":"8877","name":"@font-swatch5-font-family","value":"\"Ubuntu\", Candara, Futura, sans-serif","siteRef":"53"},{"ref":"8878","name":"@font-swatch5-font-size","value":"16px","siteRef":"53"},{"ref":"8879","name":"@font-swatch5-font-weight","value":"400","siteRef":"53"},{"ref":"8880","name":"@font-swatch5-line-height","value":"26px","siteRef":"53"},{"ref":"8881","name":"@font-swatch5-color","value":"@color-swatch5","siteRef":"53"},{"ref":"8882","name":"@color-swatch1","value":"#ffffff","siteRef":"53"},{"ref":"8883","name":"@color-swatch2","value":"#53c2e8","siteRef":"53"},{"ref":"8884","name":"@color-swatch3","value":"#5a5959","siteRef":"53"},{"ref":"8885","name":"@color-swatch4","value":"#333132","siteRef":"53"},{"ref":"8886","name":"@color-swatch5","value":"#7e7f82","siteRef":"53"},{"ref":"8887","name":"@siteBackgroundColor","value":"transparent","siteRef":"53"},{"ref":"8888","name":"@siteBackgroundGradientType","value":"vertical","siteRef":"53"},{"ref":"8889","name":"@siteBackgroundGradientFrom","value":"transparent","siteRef":"53"},{"ref":"8890","name":"@siteBackgroundGradientTo","value":"transparent","siteRef":"53"},{"ref":"8891","name":"@siteBackgroundImageScale","value":"original","siteRef":"53"},{"ref":"8892","name":"@siteBackgroundImage","value":"none","siteRef":"53"},{"ref":"8893","name":"@siteBackgroundPositionX","value":"center","siteRef":"53"},{"ref":"8894","name":"@siteBackgroundPositionY","value":"top","siteRef":"53"},{"ref":"8895","name":"@siteBackgroundRepeat","value":"no-repeat","siteRef":"53"},{"ref":"8896","name":"@font-swatch1-letter-spacing","value":"0px","siteRef":"53"},{"ref":"8897","name":"@font-swatch2-letter-spacing","value":"0px","siteRef":"53"},{"ref":"8898","name":"@font-swatch3-letter-spacing","value":"0px","siteRef":"53"},{"ref":"8899","name":"@font-swatch4-letter-spacing","value":"0px","siteRef":"53"},{"ref":"8900","name":"@font-swatch5-letter-spacing","value":"0px","siteRef":"53"},{"ref":"8901","name":"@font-swatch6-font-family","value":"\"Ubuntu\", Candara, Futura, sans-serif","siteRef":"53"},{"ref":"8902","name":"@font-swatch6-font-size","value":"16px","siteRef":"53"},{"ref":"8903","name":"@font-swatch6-font-weight","value":"400","siteRef":"53"},{"ref":"8904","name":"@font-swatch6-line-height","value":"26px","siteRef":"53"},{"ref":"8905","name":"@font-swatch6-letter-spacing","value":"0px","siteRef":"53"},{"ref":"8906","name":"@font-swatch6-color","value":"@color-swatch6","siteRef":"53"},{"ref":"8907","name":"@font-swatch6-color-hover","value":"@color-swatch4","siteRef":"53"},{"ref":"8908","name":"@font-swatch6-background-color","value":"@color-swatch1","siteRef":"53"},{"ref":"8909","name":"@font-swatch6-background-color-hover","value":"@color-swatch1","siteRef":"53"},{"ref":"8910","name":"@font-swatch7-font-family","value":"\"Ubuntu\", Candara, Futura, sans-serif","siteRef":"53"},{"ref":"8911","name":"@font-swatch7-font-size","value":"16px","siteRef":"53"},{"ref":"8912","name":"@font-swatch7-font-weight","value":"400","siteRef":"53"},{"ref":"8913","name":"@font-swatch7-line-height","value":"26px","siteRef":"53"},{"ref":"8914","name":"@font-swatch7-letter-spacing","value":"0px","siteRef":"53"},{"ref":"8915","name":"@font-swatch7-color","value":"@color-swatch7","siteRef":"53"},{"ref":"8916","name":"@font-swatch7-background-color","value":"@color-swatch3","siteRef":"53"},{"ref":"8917","name":"@font-swatch7-background-color-hover","value":"@color-swatch2","siteRef":"53"},{"ref":"8918","name":"@color-swatch6","value":"#a8a7a7","siteRef":"53"},{"ref":"8919","name":"@color-swatch7","value":"#ffffff","siteRef":"53"},{"ref":"8920","name":"@font-swatch8-font-family","value":"\"Ubuntu\", Candara, Futura, sans-serif","siteRef":"53"},{"ref":"8921","name":"@font-swatch8-font-size","value":"40px","siteRef":"53"},{"ref":"8922","name":"@font-swatch8-font-weight","value":"400","siteRef":"53"},{"ref":"8923","name":"@font-swatch8-line-height","value":"50px","siteRef":"53"},{"ref":"8924","name":"@font-swatch8-letter-spacing","value":"0px","siteRef":"53"},{"ref":"8925","name":"@font-swatch8-color","value":"@color-swatch7","siteRef":"53"},{"ref":"8926","name":"@font-swatch9-font-family","value":"\"Ubuntu\", Candara, Futura, sans-serif","siteRef":"53"},{"ref":"8927","name":"@font-swatch9-font-size","value":"18px","siteRef":"53"},{"ref":"8928","name":"@font-swatch9-font-weight","value":"400","siteRef":"53"},{"ref":"8929","name":"@font-swatch9-line-height","value":"28px","siteRef":"53"},{"ref":"8930","name":"@font-swatch9-letter-spacing","value":"0px","siteRef":"53"},{"ref":"8931","name":"@font-swatch9-color","value":"@color-swatch7","siteRef":"53"},{"ref":"8932","name":"@font-swatch10-font-family","value":"\"Ubuntu\", Candara, Futura, sans-serif","siteRef":"53"},{"ref":"8933","name":"@font-swatch10-font-size","value":"30px","siteRef":"53"},{"ref":"8934","name":"@font-swatch10-font-weight","value":"700","siteRef":"53"},{"ref":"8935","name":"@font-swatch10-line-height","value":"40px","siteRef":"53"},{"ref":"8936","name":"@font-swatch10-letter-spacing","value":"0px","siteRef":"53"},{"ref":"8937","name":"@font-swatch10-color","value":"@color-swatch4","siteRef":"53"},{"ref":"8938","name":"@color--light","value":"#ffffff","siteRef":"53"},{"ref":"8939","name":"@color--accent","value":"#53c2e8","siteRef":"53"},{"ref":"8940","name":"@color--dark","value":"#000000","siteRef":"53"}]