[{"ref":"2816266","name":"@font-swatch1-font-family","value":"\"Ubuntu\", Candara, Futura, sans-serif","siteRef":"315103"},{"ref":"2816267","name":"@font-swatch1-font-size","value":"26px","siteRef":"315103"},{"ref":"2816268","name":"@font-swatch1-font-weight","value":"400","siteRef":"315103"},{"ref":"2816269","name":"@font-swatch1-line-height","value":"36px","siteRef":"315103"},{"ref":"2816270","name":"@font-swatch1-color","value":"@color-swatch4","siteRef":"315103"},{"ref":"2816271","name":"@font-swatch2-font-family","value":"\"Ubuntu\", Candara, Futura, sans-serif","siteRef":"315103"},{"ref":"2816272","name":"@font-swatch2-font-size","value":"24px","siteRef":"315103"},{"ref":"2816273","name":"@font-swatch2-font-weight","value":"400","siteRef":"315103"},{"ref":"2816274","name":"@font-swatch2-line-height","value":"34px","siteRef":"315103"},{"ref":"2816275","name":"@font-swatch2-color","value":"@color-swatch4","siteRef":"315103"},{"ref":"2816276","name":"@font-swatch3-font-family","value":"\"Ubuntu\", Candara, Futura, sans-serif","siteRef":"315103"},{"ref":"2816277","name":"@font-swatch3-font-size","value":"22px","siteRef":"315103"},{"ref":"2816278","name":"@font-swatch3-font-weight","value":"400","siteRef":"315103"},{"ref":"2816279","name":"@font-swatch3-line-height","value":"32px","siteRef":"315103"},{"ref":"2816280","name":"@font-swatch3-color","value":"@color-swatch4","siteRef":"315103"},{"ref":"2816281","name":"@font-swatch4-font-family","value":"\"Ubuntu\", Candara, Futura, sans-serif","siteRef":"315103"},{"ref":"2816282","name":"@font-swatch4-font-size","value":"16px","siteRef":"315103"},{"ref":"2816283","name":"@font-swatch4-font-weight","value":"400","siteRef":"315103"},{"ref":"2816284","name":"@font-swatch4-line-height","value":"26px","siteRef":"315103"},{"ref":"2816285","name":"@font-swatch4-color","value":"@color-swatch5","siteRef":"315103"},{"ref":"2816286","name":"@font-swatch5-font-family","value":"\"Ubuntu\", Candara, Futura, sans-serif","siteRef":"315103"},{"ref":"2816287","name":"@font-swatch5-font-size","value":"16px","siteRef":"315103"},{"ref":"2816288","name":"@font-swatch5-font-weight","value":"400","siteRef":"315103"},{"ref":"2816289","name":"@font-swatch5-line-height","value":"26px","siteRef":"315103"},{"ref":"2816290","name":"@font-swatch5-color","value":"@color-swatch5","siteRef":"315103"},{"ref":"2816291","name":"@color-swatch1","value":"#ffffff","siteRef":"315103"},{"ref":"2816292","name":"@color-swatch2","value":"#53c2e8","siteRef":"315103"},{"ref":"2816293","name":"@color-swatch3","value":"#5a5959","siteRef":"315103"},{"ref":"2816294","name":"@color-swatch4","value":"#333132","siteRef":"315103"},{"ref":"2816295","name":"@color-swatch5","value":"#7e7f82","siteRef":"315103"},{"ref":"2816296","name":"@siteBackgroundColor","value":"transparent","siteRef":"315103"},{"ref":"2816297","name":"@siteBackgroundGradientType","value":"vertical","siteRef":"315103"},{"ref":"2816298","name":"@siteBackgroundGradientFrom","value":"transparent","siteRef":"315103"},{"ref":"2816299","name":"@siteBackgroundGradientTo","value":"transparent","siteRef":"315103"},{"ref":"2816300","name":"@siteBackgroundImageScale","value":"original","siteRef":"315103"},{"ref":"2816301","name":"@siteBackgroundImage","value":"none","siteRef":"315103"},{"ref":"2816302","name":"@siteBackgroundPositionX","value":"center","siteRef":"315103"},{"ref":"2816303","name":"@siteBackgroundPositionY","value":"top","siteRef":"315103"},{"ref":"2816304","name":"@siteBackgroundRepeat","value":"no-repeat","siteRef":"315103"},{"ref":"2816305","name":"@font-swatch1-letter-spacing","value":"0px","siteRef":"315103"},{"ref":"2816306","name":"@font-swatch2-letter-spacing","value":"0px","siteRef":"315103"},{"ref":"2816307","name":"@font-swatch3-letter-spacing","value":"0px","siteRef":"315103"},{"ref":"2816308","name":"@font-swatch4-letter-spacing","value":"0px","siteRef":"315103"},{"ref":"2816309","name":"@font-swatch5-letter-spacing","value":"0px","siteRef":"315103"},{"ref":"2816310","name":"@font-swatch6-font-family","value":"\"Ubuntu\", Candara, Futura, sans-serif","siteRef":"315103"},{"ref":"2816311","name":"@font-swatch6-font-size","value":"16px","siteRef":"315103"},{"ref":"2816312","name":"@font-swatch6-font-weight","value":"400","siteRef":"315103"},{"ref":"2816313","name":"@font-swatch6-line-height","value":"26px","siteRef":"315103"},{"ref":"2816314","name":"@font-swatch6-letter-spacing","value":"0px","siteRef":"315103"},{"ref":"2816315","name":"@font-swatch6-color","value":"@color-swatch6","siteRef":"315103"},{"ref":"2816316","name":"@font-swatch6-color-hover","value":"@color-swatch4","siteRef":"315103"},{"ref":"2816317","name":"@font-swatch6-background-color","value":"@color-swatch1","siteRef":"315103"},{"ref":"2816318","name":"@font-swatch6-background-color-hover","value":"@color-swatch1","siteRef":"315103"},{"ref":"2816319","name":"@font-swatch7-font-family","value":"\"Ubuntu\", Candara, Futura, sans-serif","siteRef":"315103"},{"ref":"2816320","name":"@font-swatch7-font-size","value":"16px","siteRef":"315103"},{"ref":"2816321","name":"@font-swatch7-font-weight","value":"400","siteRef":"315103"},{"ref":"2816322","name":"@font-swatch7-line-height","value":"26px","siteRef":"315103"},{"ref":"2816323","name":"@font-swatch7-letter-spacing","value":"0px","siteRef":"315103"},{"ref":"2816324","name":"@font-swatch7-color","value":"@color-swatch7","siteRef":"315103"},{"ref":"2816325","name":"@font-swatch7-background-color","value":"@color-swatch3","siteRef":"315103"},{"ref":"2816326","name":"@font-swatch7-background-color-hover","value":"@color-swatch2","siteRef":"315103"},{"ref":"2816327","name":"@color-swatch6","value":"#a8a7a7","siteRef":"315103"},{"ref":"2816328","name":"@color-swatch7","value":"#ffffff","siteRef":"315103"},{"ref":"2816329","name":"@font-swatch8-font-family","value":"\"Ubuntu\", Candara, Futura, sans-serif","siteRef":"315103"},{"ref":"2816330","name":"@font-swatch8-font-size","value":"40px","siteRef":"315103"},{"ref":"2816331","name":"@font-swatch8-font-weight","value":"400","siteRef":"315103"},{"ref":"2816332","name":"@font-swatch8-line-height","value":"50px","siteRef":"315103"},{"ref":"2816333","name":"@font-swatch8-letter-spacing","value":"0px","siteRef":"315103"},{"ref":"2816334","name":"@font-swatch8-color","value":"@color-swatch7","siteRef":"315103"},{"ref":"2816335","name":"@font-swatch9-font-family","value":"\"Ubuntu\", Candara, Futura, sans-serif","siteRef":"315103"},{"ref":"2816336","name":"@font-swatch9-font-size","value":"18px","siteRef":"315103"},{"ref":"2816337","name":"@font-swatch9-font-weight","value":"400","siteRef":"315103"},{"ref":"2816338","name":"@font-swatch9-line-height","value":"28px","siteRef":"315103"},{"ref":"2816339","name":"@font-swatch9-letter-spacing","value":"0px","siteRef":"315103"},{"ref":"2816340","name":"@font-swatch9-color","value":"@color-swatch7","siteRef":"315103"},{"ref":"2816341","name":"@font-swatch10-font-family","value":"\"Ubuntu\", Candara, Futura, sans-serif","siteRef":"315103"},{"ref":"2816342","name":"@font-swatch10-font-size","value":"30px","siteRef":"315103"},{"ref":"2816343","name":"@font-swatch10-font-weight","value":"700","siteRef":"315103"},{"ref":"2816344","name":"@font-swatch10-line-height","value":"40px","siteRef":"315103"},{"ref":"2816345","name":"@font-swatch10-letter-spacing","value":"0px","siteRef":"315103"},{"ref":"2816346","name":"@font-swatch10-color","value":"@color-swatch4","siteRef":"315103"}]