[{"ref":"17803","name":"@font-swatch1-font-family","value":"\"Ubuntu\", Candara, Futura, sans-serif","siteRef":"106"},{"ref":"17804","name":"@font-swatch1-font-size","value":"26px","siteRef":"106"},{"ref":"17805","name":"@font-swatch1-font-weight","value":"400","siteRef":"106"},{"ref":"17806","name":"@font-swatch1-line-height","value":"36px","siteRef":"106"},{"ref":"17807","name":"@font-swatch1-color","value":"@color-swatch4","siteRef":"106"},{"ref":"17808","name":"@font-swatch2-font-family","value":"\"Ubuntu\", Candara, Futura, sans-serif","siteRef":"106"},{"ref":"17809","name":"@font-swatch2-font-size","value":"24px","siteRef":"106"},{"ref":"17810","name":"@font-swatch2-font-weight","value":"400","siteRef":"106"},{"ref":"17811","name":"@font-swatch2-line-height","value":"34px","siteRef":"106"},{"ref":"17812","name":"@font-swatch2-color","value":"@color-swatch4","siteRef":"106"},{"ref":"17813","name":"@font-swatch3-font-family","value":"\"Ubuntu\", Candara, Futura, sans-serif","siteRef":"106"},{"ref":"17814","name":"@font-swatch3-font-size","value":"22px","siteRef":"106"},{"ref":"17815","name":"@font-swatch3-font-weight","value":"400","siteRef":"106"},{"ref":"17816","name":"@font-swatch3-line-height","value":"32px","siteRef":"106"},{"ref":"17817","name":"@font-swatch3-color","value":"@color-swatch4","siteRef":"106"},{"ref":"17818","name":"@font-swatch4-font-family","value":"\"Ubuntu\", Candara, Futura, sans-serif","siteRef":"106"},{"ref":"17819","name":"@font-swatch4-font-size","value":"16px","siteRef":"106"},{"ref":"17820","name":"@font-swatch4-font-weight","value":"400","siteRef":"106"},{"ref":"17821","name":"@font-swatch4-line-height","value":"26px","siteRef":"106"},{"ref":"17822","name":"@font-swatch4-color","value":"@color-swatch5","siteRef":"106"},{"ref":"17823","name":"@font-swatch5-font-family","value":"\"Ubuntu\", Candara, Futura, sans-serif","siteRef":"106"},{"ref":"17824","name":"@font-swatch5-font-size","value":"16px","siteRef":"106"},{"ref":"17825","name":"@font-swatch5-font-weight","value":"400","siteRef":"106"},{"ref":"17826","name":"@font-swatch5-line-height","value":"26px","siteRef":"106"},{"ref":"17827","name":"@font-swatch5-color","value":"@color-swatch5","siteRef":"106"},{"ref":"17828","name":"@color-swatch1","value":"#ffffff","siteRef":"106"},{"ref":"17829","name":"@color-swatch2","value":"#53c2e8","siteRef":"106"},{"ref":"17830","name":"@color-swatch3","value":"#5a5959","siteRef":"106"},{"ref":"17831","name":"@color-swatch4","value":"#333132","siteRef":"106"},{"ref":"17832","name":"@color-swatch5","value":"#7e7f82","siteRef":"106"},{"ref":"17833","name":"@siteBackgroundColor","value":"transparent","siteRef":"106"},{"ref":"17834","name":"@siteBackgroundGradientType","value":"vertical","siteRef":"106"},{"ref":"17835","name":"@siteBackgroundGradientFrom","value":"transparent","siteRef":"106"},{"ref":"17836","name":"@siteBackgroundGradientTo","value":"transparent","siteRef":"106"},{"ref":"17837","name":"@siteBackgroundImageScale","value":"original","siteRef":"106"},{"ref":"17838","name":"@siteBackgroundImage","value":"none","siteRef":"106"},{"ref":"17839","name":"@siteBackgroundPositionX","value":"center","siteRef":"106"},{"ref":"17840","name":"@siteBackgroundPositionY","value":"top","siteRef":"106"},{"ref":"17841","name":"@siteBackgroundRepeat","value":"no-repeat","siteRef":"106"},{"ref":"17842","name":"@font-swatch1-letter-spacing","value":"0px","siteRef":"106"},{"ref":"17843","name":"@font-swatch2-letter-spacing","value":"0px","siteRef":"106"},{"ref":"17844","name":"@font-swatch3-letter-spacing","value":"0px","siteRef":"106"},{"ref":"17845","name":"@font-swatch4-letter-spacing","value":"0px","siteRef":"106"},{"ref":"17846","name":"@font-swatch5-letter-spacing","value":"0px","siteRef":"106"},{"ref":"17847","name":"@font-swatch6-font-family","value":"\"Ubuntu\", Candara, Futura, sans-serif","siteRef":"106"},{"ref":"17848","name":"@font-swatch6-font-size","value":"16px","siteRef":"106"},{"ref":"17849","name":"@font-swatch6-font-weight","value":"400","siteRef":"106"},{"ref":"17850","name":"@font-swatch6-line-height","value":"26px","siteRef":"106"},{"ref":"17851","name":"@font-swatch6-letter-spacing","value":"0px","siteRef":"106"},{"ref":"17852","name":"@font-swatch6-color","value":"@color-swatch6","siteRef":"106"},{"ref":"17853","name":"@font-swatch6-color-hover","value":"@color-swatch4","siteRef":"106"},{"ref":"17854","name":"@font-swatch6-background-color","value":"@color-swatch1","siteRef":"106"},{"ref":"17855","name":"@font-swatch6-background-color-hover","value":"@color-swatch1","siteRef":"106"},{"ref":"17856","name":"@font-swatch7-font-family","value":"\"Ubuntu\", Candara, Futura, sans-serif","siteRef":"106"},{"ref":"17857","name":"@font-swatch7-font-size","value":"16px","siteRef":"106"},{"ref":"17858","name":"@font-swatch7-font-weight","value":"400","siteRef":"106"},{"ref":"17859","name":"@font-swatch7-line-height","value":"26px","siteRef":"106"},{"ref":"17860","name":"@font-swatch7-letter-spacing","value":"0px","siteRef":"106"},{"ref":"17861","name":"@font-swatch7-color","value":"@color-swatch7","siteRef":"106"},{"ref":"17862","name":"@font-swatch7-background-color","value":"@color-swatch3","siteRef":"106"},{"ref":"17863","name":"@font-swatch7-background-color-hover","value":"@color-swatch2","siteRef":"106"},{"ref":"17864","name":"@color-swatch6","value":"#a8a7a7","siteRef":"106"},{"ref":"17865","name":"@color-swatch7","value":"#ffffff","siteRef":"106"},{"ref":"17866","name":"@font-swatch8-font-family","value":"\"Ubuntu\", Candara, Futura, sans-serif","siteRef":"106"},{"ref":"17867","name":"@font-swatch8-font-size","value":"40px","siteRef":"106"},{"ref":"17868","name":"@font-swatch8-font-weight","value":"400","siteRef":"106"},{"ref":"17869","name":"@font-swatch8-line-height","value":"50px","siteRef":"106"},{"ref":"17870","name":"@font-swatch8-letter-spacing","value":"0px","siteRef":"106"},{"ref":"17871","name":"@font-swatch8-color","value":"@color-swatch7","siteRef":"106"},{"ref":"17872","name":"@font-swatch9-font-family","value":"\"Ubuntu\", Candara, Futura, sans-serif","siteRef":"106"},{"ref":"17873","name":"@font-swatch9-font-size","value":"18px","siteRef":"106"},{"ref":"17874","name":"@font-swatch9-font-weight","value":"400","siteRef":"106"},{"ref":"17875","name":"@font-swatch9-line-height","value":"28px","siteRef":"106"},{"ref":"17876","name":"@font-swatch9-letter-spacing","value":"0px","siteRef":"106"},{"ref":"17877","name":"@font-swatch9-color","value":"@color-swatch7","siteRef":"106"},{"ref":"17878","name":"@font-swatch10-font-family","value":"\"Ubuntu\", Candara, Futura, sans-serif","siteRef":"106"},{"ref":"17879","name":"@font-swatch10-font-size","value":"30px","siteRef":"106"},{"ref":"17880","name":"@font-swatch10-font-weight","value":"700","siteRef":"106"},{"ref":"17881","name":"@font-swatch10-line-height","value":"40px","siteRef":"106"},{"ref":"17882","name":"@font-swatch10-letter-spacing","value":"0px","siteRef":"106"},{"ref":"17883","name":"@font-swatch10-color","value":"@color-swatch4","siteRef":"106"},{"ref":"17884","name":"@color--light","value":"#ffffff","siteRef":"106"},{"ref":"17885","name":"@color--accent","value":"#53c2e8","siteRef":"106"},{"ref":"17886","name":"@color--dark","value":"#000000","siteRef":"106"}]