[{"ref":"637","pageRef":"991","route":"home","location":"","type":"page","created":"2019-04-24 10:51:37","updated":"2019-04-24 10:51:37","siteRef":"100"},{"ref":"638","pageRef":"992","route":"about","location":"","type":"page","created":"2019-04-24 11:02:40","updated":"2019-04-24 11:02:40","siteRef":"100"},{"ref":"657","pageRef":"999","route":"sections\/","location":"","type":"page","created":"2019-04-29 14:49:57","updated":"2019-04-29 14:49:57","siteRef":"100"},{"ref":"658","pageRef":"1000","route":"sections\/index","location":"","type":"page","created":"2019-04-29 14:49:57","updated":"2019-04-29 14:49:57","siteRef":"100"},{"ref":"659","pageRef":"1001","route":"sections\/hero","location":"","type":"page","created":"2019-04-29 14:50:14","updated":"2019-04-29 14:50:50","siteRef":"100"},{"ref":"660","pageRef":"1002","route":"sections\/text","location":"","type":"page","created":"2019-04-29 14:51:02","updated":"2019-04-29 14:51:02","siteRef":"100"},{"ref":"661","pageRef":"1003","route":"sections\/images","location":"","type":"page","created":"2019-04-29 14:51:09","updated":"2019-04-29 14:51:09","siteRef":"100"},{"ref":"662","pageRef":"1004","route":"sections\/gallery-slideshow","location":"","type":"page","created":"2019-04-29 14:51:30","updated":"2019-04-29 14:51:30","siteRef":"100"},{"ref":"663","pageRef":"1005","route":"sections\/form","location":"","type":"page","created":"2019-04-29 14:51:41","updated":"2019-04-29 14:51:41","siteRef":"100"},{"ref":"664","pageRef":"1006","route":"sections\/contact","location":"","type":"page","created":"2019-04-29 14:51:56","updated":"2019-04-29 14:51:56","siteRef":"100"},{"ref":"665","pageRef":"1007","route":"sections\/promotional","location":"","type":"page","created":"2019-04-29 14:52:05","updated":"2019-04-29 14:52:05","siteRef":"100"},{"ref":"666","pageRef":"1008","route":"sections\/social","location":"","type":"page","created":"2019-04-29 14:52:16","updated":"2019-04-29 14:52:16","siteRef":"100"},{"ref":"667","pageRef":"1009","route":"sections\/page-title","location":"","type":"page","created":"2019-04-29 14:52:24","updated":"2019-04-29 14:52:24","siteRef":"100"},{"ref":"668","pageRef":"1010","route":"sections\/video-audio","location":"","type":"page","created":"2019-04-29 14:52:44","updated":"2019-04-29 14:52:44","siteRef":"100"},{"ref":"669","pageRef":"1011","route":"sections\/files","location":"","type":"page","created":"2019-04-29 14:52:53","updated":"2019-04-29 14:52:53","siteRef":"100"},{"ref":"670","pageRef":"1012","route":"sections\/embed","location":"","type":"page","created":"2019-04-29 14:53:04","updated":"2019-04-29 14:53:04","siteRef":"100"},{"ref":"671","pageRef":"1013","route":"sections\/store1","location":"","type":"page","created":"2019-04-29 14:53:15","updated":"2019-04-29 14:53:15","siteRef":"100"},{"ref":"672","pageRef":"1014","route":"sections\/paypal","location":"","type":"page","created":"2019-04-29 14:53:28","updated":"2019-04-29 14:53:28","siteRef":"100"},{"ref":"673","pageRef":"1015","route":"sections\/blog1","location":"","type":"page","created":"2019-04-29 14:53:40","updated":"2019-04-29 14:53:40","siteRef":"100"}]