[{"ref":"612","pageRef":"643","route":"home","location":"","type":"page","created":"2019-04-24 10:51:37","updated":"2019-04-24 10:51:37","siteRef":"53"},{"ref":"613","pageRef":"644","route":"about","location":"","type":"page","created":"2019-04-24 11:02:40","updated":"2019-04-24 11:02:40","siteRef":"53"},{"ref":"614","pageRef":"645","route":"sections\/","location":"","type":"page","created":"2019-04-29 14:49:57","updated":"2019-04-29 14:49:57","siteRef":"53"},{"ref":"615","pageRef":"646","route":"sections\/index","location":"","type":"page","created":"2019-04-29 14:49:57","updated":"2019-04-29 14:49:57","siteRef":"53"},{"ref":"616","pageRef":"647","route":"sections\/hero","location":"","type":"page","created":"2019-04-29 14:50:14","updated":"2019-04-29 14:50:50","siteRef":"53"},{"ref":"617","pageRef":"648","route":"sections\/text","location":"","type":"page","created":"2019-04-29 14:51:02","updated":"2019-04-29 14:51:02","siteRef":"53"},{"ref":"618","pageRef":"649","route":"sections\/images","location":"","type":"page","created":"2019-04-29 14:51:09","updated":"2019-04-29 14:51:09","siteRef":"53"},{"ref":"619","pageRef":"650","route":"sections\/gallery-slideshow","location":"","type":"page","created":"2019-04-29 14:51:30","updated":"2019-04-29 14:51:30","siteRef":"53"},{"ref":"620","pageRef":"651","route":"sections\/form","location":"","type":"page","created":"2019-04-29 14:51:41","updated":"2019-04-29 14:51:41","siteRef":"53"},{"ref":"621","pageRef":"652","route":"sections\/contact","location":"","type":"page","created":"2019-04-29 14:51:56","updated":"2019-04-29 14:51:56","siteRef":"53"},{"ref":"622","pageRef":"653","route":"sections\/promotional","location":"","type":"page","created":"2019-04-29 14:52:05","updated":"2019-04-29 14:52:05","siteRef":"53"},{"ref":"623","pageRef":"654","route":"sections\/social","location":"","type":"page","created":"2019-04-29 14:52:16","updated":"2019-04-29 14:52:16","siteRef":"53"},{"ref":"624","pageRef":"655","route":"sections\/page-title","location":"","type":"page","created":"2019-04-29 14:52:24","updated":"2019-04-29 14:52:24","siteRef":"53"},{"ref":"625","pageRef":"656","route":"sections\/video-audio","location":"","type":"page","created":"2019-04-29 14:52:44","updated":"2019-04-29 14:52:44","siteRef":"53"},{"ref":"626","pageRef":"657","route":"sections\/files","location":"","type":"page","created":"2019-04-29 14:52:53","updated":"2019-04-29 14:52:53","siteRef":"53"},{"ref":"627","pageRef":"658","route":"sections\/embed","location":"","type":"page","created":"2019-04-29 14:53:04","updated":"2019-04-29 14:53:04","siteRef":"53"},{"ref":"628","pageRef":"659","route":"sections\/store1","location":"","type":"page","created":"2019-04-29 14:53:15","updated":"2019-04-29 14:53:15","siteRef":"53"},{"ref":"629","pageRef":"660","route":"sections\/paypal","location":"","type":"page","created":"2019-04-29 14:53:28","updated":"2019-04-29 14:53:28","siteRef":"53"},{"ref":"630","pageRef":"661","route":"sections\/widgets-sections","location":"","type":"page","created":"2019-05-08 13:36:10","updated":"2019-05-08 13:41:31","siteRef":"53"},{"ref":"631","pageRef":"662","route":"sections\/logo","location":"","type":"page","created":"2020-03-06 10:46:25","updated":"2020-03-06 10:46:25","siteRef":"53"},{"ref":"632","pageRef":"663","route":"sections\/pricing","location":"","type":"page","created":"2020-03-06 10:47:35","updated":"2020-03-06 10:47:35","siteRef":"53"}]