[{"ref":"829","pageRef":"1141","route":"home","location":"","type":"page","created":"2019-04-24 10:51:37","updated":"2019-04-24 10:51:37","siteRef":"106"},{"ref":"830","pageRef":"1142","route":"about","location":"","type":"page","created":"2019-04-24 11:02:40","updated":"2019-04-24 11:02:40","siteRef":"106"},{"ref":"831","pageRef":"1143","route":"sections\/","location":"","type":"page","created":"2019-04-29 14:49:57","updated":"2019-04-29 14:49:57","siteRef":"106"},{"ref":"832","pageRef":"1144","route":"sections\/index","location":"","type":"page","created":"2019-04-29 14:49:57","updated":"2019-04-29 14:49:57","siteRef":"106"},{"ref":"833","pageRef":"1145","route":"sections\/hero","location":"","type":"page","created":"2019-04-29 14:50:14","updated":"2019-04-29 14:50:50","siteRef":"106"},{"ref":"834","pageRef":"1146","route":"sections\/text","location":"","type":"page","created":"2019-04-29 14:51:02","updated":"2019-04-29 14:51:02","siteRef":"106"},{"ref":"835","pageRef":"1147","route":"sections\/images","location":"","type":"page","created":"2019-04-29 14:51:09","updated":"2019-04-29 14:51:09","siteRef":"106"},{"ref":"836","pageRef":"1148","route":"sections\/gallery-slideshow","location":"","type":"page","created":"2019-04-29 14:51:30","updated":"2019-04-29 14:51:30","siteRef":"106"},{"ref":"837","pageRef":"1149","route":"sections\/form","location":"","type":"page","created":"2019-04-29 14:51:41","updated":"2019-04-29 14:51:41","siteRef":"106"},{"ref":"838","pageRef":"1150","route":"sections\/contact","location":"","type":"page","created":"2019-04-29 14:51:56","updated":"2019-04-29 14:51:56","siteRef":"106"},{"ref":"839","pageRef":"1151","route":"sections\/promotional","location":"","type":"page","created":"2019-04-29 14:52:05","updated":"2019-04-29 14:52:05","siteRef":"106"},{"ref":"840","pageRef":"1152","route":"sections\/social","location":"","type":"page","created":"2019-04-29 14:52:16","updated":"2019-04-29 14:52:16","siteRef":"106"},{"ref":"841","pageRef":"1153","route":"sections\/page-title","location":"","type":"page","created":"2019-04-29 14:52:24","updated":"2019-04-29 14:52:24","siteRef":"106"},{"ref":"842","pageRef":"1154","route":"sections\/video-audio","location":"","type":"page","created":"2019-04-29 14:52:44","updated":"2019-04-29 14:52:44","siteRef":"106"},{"ref":"843","pageRef":"1155","route":"sections\/files","location":"","type":"page","created":"2019-04-29 14:52:53","updated":"2019-04-29 14:52:53","siteRef":"106"},{"ref":"844","pageRef":"1156","route":"sections\/embed","location":"","type":"page","created":"2019-04-29 14:53:04","updated":"2019-04-29 14:53:04","siteRef":"106"},{"ref":"845","pageRef":"1157","route":"sections\/store1","location":"","type":"page","created":"2019-04-29 14:53:15","updated":"2019-04-29 14:53:15","siteRef":"106"},{"ref":"846","pageRef":"1158","route":"sections\/paypal","location":"","type":"page","created":"2019-04-29 14:53:28","updated":"2019-04-29 14:53:28","siteRef":"106"},{"ref":"886","pageRef":"1189","route":"sections\/widgets-sections","location":"","type":"page","created":"2019-05-08 13:36:10","updated":"2019-05-08 13:41:31","siteRef":"106"}]