{"ref":"723","stateCacheRef":"74","pageRef":"643","data":{"children":[{"ref":"8885","page_id":"900","id":"page","name":"main","type":"Widget.Template","collection":"zones","position":"0","data":null,"template_ref":"0","library_item_ref":"0","siteRef":"97","uniqueId":"ERTRhaU0vR14TpV","language":null},{"ref":"8886","page_id":"900","id":"page-zones__main","name":"5cc032f4dfaff","type":"widget.image","collection":"widgets","position":"0","data":null,"template_ref":"0","library_item_ref":"0","siteRef":"97","uniqueId":"Z9v3S8mVhOskHPu","language":null},{"ref":"8887","page_id":"900","id":"page-zones__main","name":"5cc0330340b87","type":"widget.content","collection":"widgets","position":"1","data":null,"template_ref":"0","library_item_ref":"0","siteRef":"97","uniqueId":"F6LKQLKJQOdo2cm","language":null},{"ref":"8888","page_id":"900","id":"page-zones__main","name":"5cc03306cd806","type":"widget.content","collection":"widgets","position":"2","data":null,"template_ref":"0","library_item_ref":"0","siteRef":"97","uniqueId":"h0gUZOxLgWPYJl7","language":null},{"ref":"8889","page_id":"900","id":"page-zones__main","name":"5cc0330a7fb59","type":"widget.button","collection":"widgets","position":"3","data":null,"template_ref":"0","library_item_ref":"0","siteRef":"97","uniqueId":"eqjYwIHAAslGuu7","language":null},{"ref":"8890","page_id":"900","id":"page-zones__main","name":"5cc0330ebf7bd","type":"widget.gallery","collection":"widgets","position":"4","data":null,"template_ref":"0","library_item_ref":"0","siteRef":"97","uniqueId":"ilRF04UUCY2U3VV","language":null},{"ref":"8891","page_id":"900","id":"page-zones__main","name":"5cc03326d1daa","type":"widget.responsiveslideshow","collection":"widgets","position":"5","data":null,"template_ref":"0","library_item_ref":"0","siteRef":"97","uniqueId":"KeeqIttqabkZAmC","language":null},{"ref":"8892","page_id":"900","id":"page-zones__main","name":"5cc03333ebb93","type":"widget.clicktocall","collection":"widgets","position":"6","data":null,"template_ref":"0","library_item_ref":"0","siteRef":"97","uniqueId":"FWPjMTuf8QoPFXy","language":null},{"ref":"8893","page_id":"900","id":"page-zones__main","name":"5cc0333831ad6","type":"widget.map","collection":"widgets","position":"7","data":null,"template_ref":"0","library_item_ref":"0","siteRef":"97","uniqueId":"9xlgxbZ0zLeM6sz","language":null},{"ref":"8894","page_id":"900","id":"page-zones__main","name":"5cc0333d0b7cb","type":"widget.line","collection":"widgets","position":"8","data":null,"template_ref":"0","library_item_ref":"0","siteRef":"97","uniqueId":"Nu9Kt5O8qnvAawn","language":null},{"ref":"8895","page_id":"900","id":"page-zones__main","name":"5cc0334473151","type":"widget.contactform","collection":"widgets","position":"9","data":null,"template_ref":"0","library_item_ref":"0","siteRef":"97","uniqueId":"DqrwjJvcFhhrUiu","language":null},{"ref":"8896","page_id":"900","id":"page-zones__main","name":"5cc033616d5e0","type":"widget.signupform","collection":"widgets","position":"10","data":null,"template_ref":"0","library_item_ref":"0","siteRef":"97","uniqueId":"MmtylWIJTgksAgU","language":null},{"ref":"8897","page_id":"900","id":"page-zones__main","name":"5cc03365576d3","type":"widget.advancedcontactform","collection":"widgets","position":"11","data":null,"template_ref":"0","library_item_ref":"0","siteRef":"97","uniqueId":"J85lKKgEXuh60CP","language":null},{"ref":"8898","page_id":"900","id":"page-zones__main","name":"5cc033963927d","type":"widget.dropbox","collection":"widgets","position":"12","data":null,"template_ref":"0","library_item_ref":"0","siteRef":"97","uniqueId":"sFrOCCNg7tL5iYS","language":null},{"ref":"8899","page_id":"900","id":"page-zones__main","name":"5cc0339a5d739","type":"widget.filedownload","collection":"widgets","position":"13","data":null,"template_ref":"0","library_item_ref":"0","siteRef":"97","uniqueId":"HgUr6vGpor0Hvvc","language":null},{"ref":"8900","page_id":"900","id":"page-zones__main","name":"5cc033a0effc1","type":"widget.youtube","collection":"widgets","position":"14","data":null,"template_ref":"0","library_item_ref":"0","siteRef":"97","uniqueId":"NXx62yvn5t1rKWl","language":null},{"ref":"8901","page_id":"900","id":"page-zones__main","name":"5cc033a82d076","type":"widget.twitter","collection":"widgets","position":"15","data":null,"template_ref":"0","library_item_ref":"0","siteRef":"97","uniqueId":"kViiyvjV6HsHGN0","language":null},{"ref":"8902","page_id":"900","id":"page-zones__main","name":"5cc033aba1f42","type":"widget.facebooklike","collection":"widgets","position":"16","data":null,"template_ref":"0","library_item_ref":"0","siteRef":"97","uniqueId":"z5OBEYy562IchJm","language":null},{"ref":"8903","page_id":"900","id":"page-zones__main","name":"5cc033b05c2ca","type":"widget.tweet","collection":"widgets","position":"17","data":null,"template_ref":"0","library_item_ref":"0","siteRef":"97","uniqueId":"iiuR894wO49ZbBL","language":null},{"ref":"8904","page_id":"900","id":"page-zones__main","name":"5cc033bc67da0","type":"widget.socialicons","collection":"widgets","position":"18","data":null,"template_ref":"0","library_item_ref":"0","siteRef":"97","uniqueId":"HUkJLW4RCe9A2UE","language":null},{"ref":"8905","page_id":"900","id":"page-zones__main","name":"5cc033c548cec","type":"widget.blogpostlist","collection":"widgets","position":"19","data":null,"template_ref":"0","library_item_ref":"0","siteRef":"97","uniqueId":"LVap7w7vGmEZRTr","language":null},{"ref":"8906","page_id":"900","id":"page-zones__main","name":"5cc033c9dffda","type":"widget.blogsearch","collection":"widgets","position":"20","data":null,"template_ref":"0","library_item_ref":"0","siteRef":"97","uniqueId":"zuSRUH46a2S5gHo","language":null},{"ref":"8907","page_id":"900","id":"page-zones__main","name":"5cc033d3ca5fc","type":"widget.paypalbuynow","collection":"widgets","position":"21","data":null,"template_ref":"0","library_item_ref":"0","siteRef":"97","uniqueId":"K8W4sX0Qrsd2Izz","language":null},{"ref":"8908","page_id":"900","id":"page-zones__main","name":"5cc033d9bd5c1","type":"widget.ecomproductslist","collection":"widgets","position":"22","data":null,"template_ref":"0","library_item_ref":"0","siteRef":"97","uniqueId":"lGzQVVm73XnceOc","language":null},{"ref":"8909","page_id":"900","id":"page-zones__main","name":"5cc033e106277","type":"widget.ecomfeaturedproducts","collection":"widgets","position":"23","data":null,"template_ref":"0","library_item_ref":"0","siteRef":"97","uniqueId":"8u352OCHNlHh6bj","language":null},{"ref":"8910","page_id":"900","id":"page-zones__main","name":"5cc033e5112a4","type":"widget.ecomcategorieslist","collection":"widgets","position":"24","data":null,"template_ref":"0","library_item_ref":"0","siteRef":"97","uniqueId":"oC89xUI31pfacvL","language":null}],"values":[{"ref":"32141","page_id":"900","id":"page-zones__main-widgets__5cc032f4dfaff","name":"widgetType","value":"widget.image","template_ref":"0","library_item_ref":"0","siteRef":"97"},{"ref":"32142","page_id":"900","id":"page-zones__main-widgets__5cc032f4dfaff","name":"description","value":"assets","template_ref":"0","library_item_ref":"0","siteRef":"97"},{"ref":"32143","page_id":"900","id":"page-zones__main-widgets__5cc032f4dfaff","name":"linkUrl","value":"none","template_ref":"0","library_item_ref":"0","siteRef":"97"},{"ref":"32144","page_id":"900","id":"page-zones__main-widgets__5cc032f4dfaff","name":"target","value":"none","template_ref":"0","library_item_ref":"0","siteRef":"97"},{"ref":"32145","page_id":"900","id":"page-zones__main-widgets__5cc032f4dfaff","name":"action","value":"none","template_ref":"0","library_item_ref":"0","siteRef":"97"},{"ref":"32146","page_id":"900","id":"page-zones__main-widgets__5cc032f4dfaff","name":"scale","value":"original","template_ref":"0","library_item_ref":"0","siteRef":"97"},{"ref":"32147","page_id":"900","id":"page-zones__main-widgets__5cc032f4dfaff","name":"imageWidth","value":"auto","template_ref":"0","library_item_ref":"0","siteRef":"97"},{"ref":"32148","page_id":"900","id":"page-zones__main-widgets__5cc032f4dfaff","name":"alt","value":"","template_ref":"0","library_item_ref":"0","siteRef":"97"},{"ref":"32149","page_id":"900","id":"page-zones__main-widgets__5cc032f4dfaff","name":"title","value":"assets","template_ref":"0","library_item_ref":"0","siteRef":"97"},{"ref":"32150","page_id":"900","id":"page-zones__main-widgets__5cc032f4dfaff","name":"align","value":"widget-align-left","template_ref":"0","library_item_ref":"0","siteRef":"97"},{"ref":"32151","page_id":"900","id":"page-zones__main-widgets__5cc032f4dfaff","name":"src","value":"\/\/d35onr1h4eb0bw.cloudfront.net\/bf81c2c\/templates\/broad\/images\/feature-bg.jpg","template_ref":"0","library_item_ref":"0","siteRef":"97"},{"ref":"32152","page_id":"900","id":"page-zones__main-widgets__5cc032f4dfaff","name":"localClass","value":"widget-image-88R253","template_ref":"0","library_item_ref":"0","siteRef":"97"},{"ref":"32153","page_id":"900","id":"page-zones__main-widgets__5cc032f4dfaff","name":"uniqueId","value":"Z9v3S8mVhOskHPu","template_ref":"0","library_item_ref":"0","siteRef":"97"},{"ref":"32154","page_id":"900","id":"page-zones__main-widgets__5cc032f4dfaff","name":"path","value":"\/\/d35onr1h4eb0bw.cloudfront.net\/bf81c2c\/templates\/broad\/images\/feature-bg.jpg","template_ref":"0","library_item_ref":"0","siteRef":"97"},{"ref":"32155","page_id":"900","id":"page-zones__main-widgets__5cc032f4dfaff","name":"url","value":"\/\/d35onr1h4eb0bw.cloudfront.net\/bf81c2c\/templates\/broad\/images\/feature-bg.jpg","template_ref":"0","library_item_ref":"0","siteRef":"97"},{"ref":"32156","page_id":"900","id":"page-zones__main-widgets__5cc032f4dfaff","name":"fileName","value":"images\/feature-bg.jpg","template_ref":"0","library_item_ref":"0","siteRef":"97"},{"ref":"32157","page_id":"900","id":"page-zones__main-widgets__5cc032f4dfaff","name":"imageSize","value":"undefined x undefined","template_ref":"0","library_item_ref":"0","siteRef":"97"},{"ref":"32158","page_id":"900","id":"page-zones__main-widgets__5cc0330340b87","name":"type","value":"widget.content","template_ref":"0","library_item_ref":"0","siteRef":"97"},{"ref":"32159","page_id":"900","id":"page-zones__main-widgets__5cc0330340b87","name":"content","value":"<p>Lorem ipsum dolor sit amet, consectetur adipiscing elit. Nullam porttitor augue a turpis porttitor maximus. Nulla luctus elementum felis, sit amet condimentum lectus rutrum eget.<\/p>","template_ref":"0","library_item_ref":"0","siteRef":"97"},{"ref":"32160","page_id":"900","id":"page-zones__main-widgets__5cc0330340b87","name":"localClass","value":"widget-content-I91ADW","template_ref":"0","library_item_ref":"0","siteRef":"97"},{"ref":"32161","page_id":"900","id":"page-zones__main-widgets__5cc03306cd806","name":"type","value":"widget.content","template_ref":"0","library_item_ref":"0","siteRef":"97"},{"ref":"32162","page_id":"900","id":"page-zones__main-widgets__5cc03306cd806","name":"content","value":"<h1>HEADING 1<\/h1>","template_ref":"0","library_item_ref":"0","siteRef":"97"},{"ref":"32163","page_id":"900","id":"page-zones__main-widgets__5cc03306cd806","name":"localClass","value":"widget-content-4F39Y9","template_ref":"0","library_item_ref":"0","siteRef":"97"},{"ref":"32164","page_id":"900","id":"page-zones__main-widgets__5cc0330a7fb59","name":"action","value":"none","template_ref":"0","library_item_ref":"0","siteRef":"97"},{"ref":"32165","page_id":"900","id":"page-zones__main-widgets__5cc0330a7fb59","name":"target","value":"New","template_ref":"0","library_item_ref":"0","siteRef":"97"},{"ref":"32166","page_id":"900","id":"page-zones__main-widgets__5cc0330a7fb59","name":"text","value":"Button","template_ref":"0","library_item_ref":"0","siteRef":"97"},{"ref":"32167","page_id":"900","id":"page-zones__main-widgets__5cc0330a7fb59","name":"url","value":"","template_ref":"0","library_item_ref":"0","siteRef":"97"},{"ref":"32168","page_id":"900","id":"page-zones__main-widgets__5cc0330a7fb59","name":"align","value":"widget-align-left","template_ref":"0","library_item_ref":"0","siteRef":"97"},{"ref":"32169","page_id":"900","id":"page-zones__main-widgets__5cc0330a7fb59","name":"localClass","value":"widget-button-9018ID","template_ref":"0","library_item_ref":"0","siteRef":"97"},{"ref":"32170","page_id":"900","id":"page-zones__main-widgets__5cc0330ebf7bd","name":"widgetType","value":"widget.gallery","template_ref":"0","library_item_ref":"0","siteRef":"97"},{"ref":"32171","page_id":"900","id":"page-zones__main-widgets__5cc0330ebf7bd","name":"imageScale","value":"original","template_ref":"0","library_item_ref":"0","siteRef":"97"},{"ref":"32172","page_id":"900","id":"page-zones__main-widgets__5cc0330ebf7bd","name":"showTitle","value":"1","template_ref":"0","library_item_ref":"0","siteRef":"97"},{"ref":"32173","page_id":"900","id":"page-zones__main-widgets__5cc0330ebf7bd","name":"showDescription","value":"1","template_ref":"0","library_item_ref":"0","siteRef":"97"},{"ref":"32174","page_id":"900","id":"page-zones__main-widgets__5cc0330ebf7bd","name":"albumRef","value":"0","template_ref":"0","library_item_ref":"0","siteRef":"97"},{"ref":"32175","page_id":"900","id":"page-zones__main-widgets__5cc0330ebf7bd","name":"images","value":"[{\"isTplAsset\":true,\"fileName\":\"images\\\/gallery\\\/2.jpg\",\"tplAssetRef\":\"2936-3\",\"path\":\"\\\/\\\/d35onr1h4eb0bw.cloudfront.net\\\/bf81c2c\\\/templates\\\/broad\\\/images\\\/gallery\\\/2.jpg\",\"url\":\"\\\/\\\/d35onr1h4eb0bw.cloudfront.net\\\/bf81c2c\\\/templates\\\/broad\\\/images\\\/gallery\\\/2.jpg\"},{\"isTplAsset\":true,\"fileName\":\"images\\\/gallery\\\/1.jpg\",\"tplAssetRef\":\"2936-2\",\"path\":\"\\\/\\\/d35onr1h4eb0bw.cloudfront.net\\\/bf81c2c\\\/templates\\\/broad\\\/images\\\/gallery\\\/1.jpg\",\"url\":\"\\\/\\\/d35onr1h4eb0bw.cloudfront.net\\\/bf81c2c\\\/templates\\\/broad\\\/images\\\/gallery\\\/1.jpg\"},{\"isTplAsset\":true,\"fileName\":\"images\\\/feature-bg.jpg\",\"tplAssetRef\":\"2936-0\",\"path\":\"\\\/\\\/d35onr1h4eb0bw.cloudfront.net\\\/bf81c2c\\\/templates\\\/broad\\\/images\\\/feature-bg.jpg\",\"url\":\"\\\/\\\/d35onr1h4eb0bw.cloudfront.net\\\/bf81c2c\\\/templates\\\/broad\\\/images\\\/feature-bg.jpg\"}]","template_ref":"0","library_item_ref":"0","siteRef":"97"},{"ref":"32176","page_id":"900","id":"page-zones__main-widgets__5cc0330ebf7bd","name":"columns","value":"gallery-columns-four","template_ref":"0","library_item_ref":"0","siteRef":"97"},{"ref":"32177","page_id":"900","id":"page-zones__main-widgets__5cc0330ebf7bd","name":"localClass","value":"widget-gallery-9J02Q3","template_ref":"0","library_item_ref":"0","siteRef":"97"},{"ref":"32178","page_id":"900","id":"page-zones__main-widgets__5cc0330ebf7bd","name":"uniqueId","value":"ilRF04UUCY2U3VV","template_ref":"0","library_item_ref":"0","siteRef":"97"},{"ref":"32179","page_id":"900","id":"page-zones__main-widgets__5cc03326d1daa","name":"widgetType","value":"widget.responsiveslideshow","template_ref":"0","library_item_ref":"0","siteRef":"97"},{"ref":"32180","page_id":"900","id":"page-zones__main-widgets__5cc03326d1daa","name":"duration","value":"3","template_ref":"0","library_item_ref":"0","siteRef":"97"},{"ref":"32181","page_id":"900","id":"page-zones__main-widgets__5cc03326d1daa","name":"transSpeed","value":"1000","template_ref":"0","library_item_ref":"0","siteRef":"97"},{"ref":"32182","page_id":"900","id":"page-zones__main-widgets__5cc03326d1daa","name":"transType","value":"fade","template_ref":"0","library_item_ref":"0","siteRef":"97"},{"ref":"32183","page_id":"900","id":"page-zones__main-widgets__5cc03326d1daa","name":"showButtons","value":"1","template_ref":"0","library_item_ref":"0","siteRef":"97"},{"ref":"32184","page_id":"900","id":"page-zones__main-widgets__5cc03326d1daa","name":"showBullets","value":"1","template_ref":"0","library_item_ref":"0","siteRef":"97"},{"ref":"32185","page_id":"900","id":"page-zones__main-widgets__5cc03326d1daa","name":"allowPause","value":"1","template_ref":"0","library_item_ref":"0","siteRef":"97"},{"ref":"32186","page_id":"900","id":"page-zones__main-widgets__5cc03326d1daa","name":"allowLoop","value":"1","template_ref":"0","library_item_ref":"0","siteRef":"97"},{"ref":"32187","page_id":"900","id":"page-zones__main-widgets__5cc03326d1daa","name":"albumRef","value":"0","template_ref":"0","library_item_ref":"0","siteRef":"97"},{"ref":"32188","page_id":"900","id":"page-zones__main-widgets__5cc03326d1daa","name":"images","value":"[{\"isTplAsset\":true,\"fileName\":\"images\\\/gallery\\\/2.jpg\",\"tplAssetRef\":\"2936-3\",\"path\":\"\\\/\\\/d35onr1h4eb0bw.cloudfront.net\\\/bf81c2c\\\/templates\\\/broad\\\/images\\\/gallery\\\/2.jpg\",\"url\":\"\\\/\\\/d35onr1h4eb0bw.cloudfront.net\\\/bf81c2c\\\/templates\\\/broad\\\/images\\\/gallery\\\/2.jpg\"},{\"isTplAsset\":true,\"fileName\":\"images\\\/gallery\\\/1.jpg\",\"tplAssetRef\":\"2936-2\",\"path\":\"\\\/\\\/d35onr1h4eb0bw.cloudfront.net\\\/bf81c2c\\\/templates\\\/broad\\\/images\\\/gallery\\\/1.jpg\",\"url\":\"\\\/\\\/d35onr1h4eb0bw.cloudfront.net\\\/bf81c2c\\\/templates\\\/broad\\\/images\\\/gallery\\\/1.jpg\"},{\"isTplAsset\":true,\"fileName\":\"images\\\/feature-bg.jpg\",\"tplAssetRef\":\"2936-0\",\"path\":\"\\\/\\\/d35onr1h4eb0bw.cloudfront.net\\\/bf81c2c\\\/templates\\\/broad\\\/images\\\/feature-bg.jpg\",\"url\":\"\\\/\\\/d35onr1h4eb0bw.cloudfront.net\\\/bf81c2c\\\/templates\\\/broad\\\/images\\\/feature-bg.jpg\"}]","template_ref":"0","library_item_ref":"0","siteRef":"97"},{"ref":"32189","page_id":"900","id":"page-zones__main-widgets__5cc03326d1daa","name":"localClass","value":"widget-responsiveslideshow-XN1203","template_ref":"0","library_item_ref":"0","siteRef":"97"},{"ref":"32190","page_id":"900","id":"page-zones__main-widgets__5cc03326d1daa","name":"uniqueId","value":"KeeqIttqabkZAmC","template_ref":"0","library_item_ref":"0","siteRef":"97"},{"ref":"32191","page_id":"900","id":"page-zones__main-widgets__5cc03326d1daa","name":"showTitle","value":"1","template_ref":"0","library_item_ref":"0","siteRef":"97"},{"ref":"32192","page_id":"900","id":"page-zones__main-widgets__5cc03326d1daa","name":"showDescription","value":"1","template_ref":"0","library_item_ref":"0","siteRef":"97"},{"ref":"32193","page_id":"900","id":"page-zones__main-widgets__5cc03326d1daa","name":"crop","value":"1","template_ref":"0","library_item_ref":"0","siteRef":"97"},{"ref":"32194","page_id":"900","id":"page-zones__main-widgets__5cc03333ebb93","name":"phone","value":"profile","template_ref":"0","library_item_ref":"0","siteRef":"97"},{"ref":"32195","page_id":"900","id":"page-zones__main-widgets__5cc03333ebb93","name":"align","value":"","template_ref":"0","library_item_ref":"0","siteRef":"97"},{"ref":"32196","page_id":"900","id":"page-zones__main-widgets__5cc03333ebb93","name":"phoneText","value":"01234 567 890","template_ref":"0","library_item_ref":"0","siteRef":"97"},{"ref":"32197","page_id":"900","id":"page-zones__main-widgets__5cc03333ebb93","name":"localClass","value":"widget-clicktocall-VF46I8","template_ref":"0","library_item_ref":"0","siteRef":"97"},{"ref":"32198","page_id":"900","id":"page-zones__main-widgets__5cc0333831ad6","name":"zoom","value":"12","template_ref":"0","library_item_ref":"0","siteRef":"97"},{"ref":"32199","page_id":"900","id":"page-zones__main-widgets__5cc0333831ad6","name":"height","value":"200","template_ref":"0","library_item_ref":"0","siteRef":"97"},{"ref":"32200","page_id":"900","id":"page-zones__main-widgets__5cc0333831ad6","name":"localClass","value":"widget-map-J5R58H","template_ref":"0","library_item_ref":"0","siteRef":"97"},{"ref":"32201","page_id":"900","id":"page-zones__main-widgets__5cc0333d0b7cb","name":"thickness","value":"inherit","template_ref":"0","library_item_ref":"0","siteRef":"97"},{"ref":"32202","page_id":"900","id":"page-zones__main-widgets__5cc0333d0b7cb","name":"padding","value":"inherit","template_ref":"0","library_item_ref":"0","siteRef":"97"},{"ref":"32203","page_id":"900","id":"page-zones__main-widgets__5cc0333d0b7cb","name":"length","value":"inherit","template_ref":"0","library_item_ref":"0","siteRef":"97"},{"ref":"32204","page_id":"900","id":"page-zones__main-widgets__5cc0333d0b7cb","name":"align","value":"","template_ref":"0","library_item_ref":"0","siteRef":"97"},{"ref":"32205","page_id":"900","id":"page-zones__main-widgets__5cc0333d0b7cb","name":"localClass","value":"widget-line-JD8HKC","template_ref":"0","library_item_ref":"0","siteRef":"97"},{"ref":"32206","page_id":"900","id":"page-zones__main-widgets__5cc0334473151","name":"email","value":"profile","template_ref":"0","library_item_ref":"0","siteRef":"97"},{"ref":"32207","page_id":"900","id":"page-zones__main-widgets__5cc0334473151","name":"text","value":"Button text","template_ref":"0","library_item_ref":"0","siteRef":"97"},{"ref":"32208","page_id":"900","id":"page-zones__main-widgets__5cc0334473151","name":"formTitle","value":"Subject","template_ref":"0","library_item_ref":"0","siteRef":"97"},{"ref":"32209","page_id":"900","id":"page-zones__main-widgets__5cc0334473151","name":"localClass","value":"widget-contactform-8LBFM6","template_ref":"0","library_item_ref":"0","siteRef":"97"},{"ref":"32210","page_id":"900","id":"page-zones__main-widgets__5cc0334473151","name":"uniqueId","value":"DqrwjJvcFhhrUiu","template_ref":"0","library_item_ref":"0","siteRef":"97"},{"ref":"32211","page_id":"900","id":"page-zones__main-widgets__5cc0334473151","name":"formHeader","value":"Form title","template_ref":"0","library_item_ref":"0","siteRef":"97"},{"ref":"32212","page_id":"900","id":"page-zones__main-widgets__5cc0334473151","name":"emailLabel","value":"Label","template_ref":"0","library_item_ref":"0","siteRef":"97"},{"ref":"32213","page_id":"900","id":"page-zones__main-widgets__5cc033616d5e0","name":"email","value":"profile","template_ref":"0","library_item_ref":"0","siteRef":"97"},{"ref":"32214","page_id":"900","id":"page-zones__main-widgets__5cc033616d5e0","name":"text","value":"Button text","template_ref":"0","library_item_ref":"0","siteRef":"97"},{"ref":"32215","page_id":"900","id":"page-zones__main-widgets__5cc033616d5e0","name":"formTitle","value":"Subject","template_ref":"0","library_item_ref":"0","siteRef":"97"},{"ref":"32216","page_id":"900","id":"page-zones__main-widgets__5cc033616d5e0","name":"inputPlaceholder","value":"Type your Email","template_ref":"0","library_item_ref":"0","siteRef":"97"},{"ref":"32217","page_id":"900","id":"page-zones__main-widgets__5cc033616d5e0","name":"localClass","value":"widget-signupform-WKFYRH","template_ref":"0","library_item_ref":"0","siteRef":"97"},{"ref":"32218","page_id":"900","id":"page-zones__main-widgets__5cc03365576d3","name":"email","value":"profile","template_ref":"0","library_item_ref":"0","siteRef":"97"},{"ref":"32219","page_id":"900","id":"page-zones__main-widgets__5cc03365576d3","name":"text","value":"Button text","template_ref":"0","library_item_ref":"0","siteRef":"97"},{"ref":"32220","page_id":"900","id":"page-zones__main-widgets__5cc03365576d3","name":"formTitle","value":"Subject","template_ref":"0","library_item_ref":"0","siteRef":"97"},{"ref":"32221","page_id":"900","id":"page-zones__main-widgets__5cc03365576d3","name":"fromEmailLabel","value":"Label","template_ref":"0","library_item_ref":"0","siteRef":"97"},{"ref":"32222","page_id":"900","id":"page-zones__main-widgets__5cc03365576d3","name":"fromEmailPlaceholder","value":"Type your email","template_ref":"0","library_item_ref":"0","siteRef":"97"},{"ref":"32223","page_id":"900","id":"page-zones__main-widgets__5cc03365576d3","name":"collectEmailAddress","value":"1","template_ref":"0","library_item_ref":"0","siteRef":"97"},{"ref":"32224","page_id":"900","id":"page-zones__main-widgets__5cc03365576d3","name":"localClass","value":"widget-advancedcontactform-2UN452","template_ref":"0","library_item_ref":"0","siteRef":"97"},{"ref":"32225","page_id":"900","id":"page-zones__main-widgets__5cc033616d5e0","name":"uniqueId","value":"MmtylWIJTgksAgU","template_ref":"0","library_item_ref":"0","siteRef":"97"},{"ref":"32226","page_id":"900","id":"page-zones__main-widgets__5cc033616d5e0","name":"formHeader","value":"Form title","template_ref":"0","library_item_ref":"0","siteRef":"97"},{"ref":"32227","page_id":"900","id":"page-zones__main-widgets__5cc033616d5e0","name":"label","value":"Label","template_ref":"0","library_item_ref":"0","siteRef":"97"},{"ref":"32228","page_id":"900","id":"page-zones__main-widgets__5cc03365576d3","name":"uniqueId","value":"J85lKKgEXuh60CP","template_ref":"0","library_item_ref":"0","siteRef":"97"},{"ref":"32229","page_id":"900","id":"page-zones__main-widgets__5cc03365576d3","name":"formFields","value":"[{\"title\":\"Radio\",\"type\":\"radiobutton\",\"options\":[{\"value\":\"1\"},{\"value\":\"2\"}],\"id\":\"ca64cb30-6679-11e9-97e3-d90501622bd3\",\"order\":1},{\"title\":\"Checkbox\",\"type\":\"checkbox\",\"options\":[{\"value\":\"1\"},{\"value\":\"2\"}],\"id\":\"d05f4010-6679-11e9-97e3-d90501622bd3\",\"order\":2},{\"title\":\"Dropdown\",\"type\":\"dropdown\",\"options\":[{\"value\":\"1\"},{\"value\":\"2\"}],\"id\":\"d5b25160-6679-11e9-97e3-d90501622bd3\",\"order\":3}]","template_ref":"0","library_item_ref":"0","siteRef":"97"},{"ref":"32230","page_id":"900","id":"page-zones__main-widgets__5cc03365576d3","name":"formHeader","value":"Form title","template_ref":"0","library_item_ref":"0","siteRef":"97"},{"ref":"32231","page_id":"900","id":"page-zones__main-widgets__5cc033963927d","name":"text","value":"Download","template_ref":"0","library_item_ref":"0","siteRef":"97"},{"ref":"32232","page_id":"900","id":"page-zones__main-widgets__5cc033963927d","name":"align","value":"","template_ref":"0","library_item_ref":"0","siteRef":"97"},{"ref":"32233","page_id":"900","id":"page-zones__main-widgets__5cc033963927d","name":"showFileName","value":"0","template_ref":"0","library_item_ref":"0","siteRef":"97"},{"ref":"32234","page_id":"900","id":"page-zones__main-widgets__5cc033963927d","name":"localClass","value":"widget-dropbox-I6PD81","template_ref":"0","library_item_ref":"0","siteRef":"97"},{"ref":"32235","page_id":"900","id":"page-zones__main-widgets__5cc0339a5d739","name":"text","value":"Download","template_ref":"0","library_item_ref":"0","siteRef":"97"},{"ref":"32236","page_id":"900","id":"page-zones__main-widgets__5cc0339a5d739","name":"align","value":"widget-align-left","template_ref":"0","library_item_ref":"0","siteRef":"97"},{"ref":"32237","page_id":"900","id":"page-zones__main-widgets__5cc0339a5d739","name":"showFilename","value":"1","template_ref":"0","library_item_ref":"0","siteRef":"97"},{"ref":"32238","page_id":"900","id":"page-zones__main-widgets__5cc0339a5d739","name":"localClass","value":"widget-filedownload-P00F0B","template_ref":"0","library_item_ref":"0","siteRef":"97"},{"ref":"32239","page_id":"900","id":"page-zones__main-widgets__5cc033a0effc1","name":"userInput","value":"<iframe src=\"\/\/www.youtube.com\/embed\/FHtvDA0W34I\" frameborder=\"0\" allowfullscreen><\/iframe>","template_ref":"0","library_item_ref":"0","siteRef":"97"},{"ref":"32240","page_id":"900","id":"page-zones__main-widgets__5cc033a0effc1","name":"videoId","value":"FHtvDA0W34I","template_ref":"0","library_item_ref":"0","siteRef":"97"},{"ref":"32241","page_id":"900","id":"page-zones__main-widgets__5cc033a0effc1","name":"localClass","value":"widget-youtube-3Z3WOT","template_ref":"0","library_item_ref":"0","siteRef":"97"},{"ref":"32242","page_id":"900","id":"page-zones__main-widgets__5cc033a82d076","name":"count","value":"3","template_ref":"0","library_item_ref":"0","siteRef":"97"},{"ref":"32243","page_id":"900","id":"page-zones__main-widgets__5cc033a82d076","name":"includeRts","value":"1","template_ref":"0","library_item_ref":"0","siteRef":"97"},{"ref":"32244","page_id":"900","id":"page-zones__main-widgets__5cc033a82d076","name":"searchKey","value":"profile","template_ref":"0","library_item_ref":"0","siteRef":"97"},{"ref":"32245","page_id":"900","id":"page-zones__main-widgets__5cc033a82d076","name":"searchType","value":"username","template_ref":"0","library_item_ref":"0","siteRef":"97"},{"ref":"32246","page_id":"900","id":"page-zones__main-widgets__5cc033a82d076","name":"defaultSearchKey","value":"","template_ref":"0","library_item_ref":"0","siteRef":"97"},{"ref":"32247","page_id":"900","id":"page-zones__main-widgets__5cc033a82d076","name":"localClass","value":"widget-twitter-7IS50M","template_ref":"0","library_item_ref":"0","siteRef":"97"},{"ref":"32248","page_id":"900","id":"page-zones__main-widgets__5cc033aba1f42","name":"showFaces","value":"1","template_ref":"0","library_item_ref":"0","siteRef":"97"},{"ref":"32249","page_id":"900","id":"page-zones__main-widgets__5cc033aba1f42","name":"action","value":"like","template_ref":"0","library_item_ref":"0","siteRef":"97"},{"ref":"32250","page_id":"900","id":"page-zones__main-widgets__5cc033aba1f42","name":"colorscheme","value":"light","template_ref":"0","library_item_ref":"0","siteRef":"97"},{"ref":"32251","page_id":"900","id":"page-zones__main-widgets__5cc033aba1f42","name":"layout","value":"standard","template_ref":"0","library_item_ref":"0","siteRef":"97"},{"ref":"32252","page_id":"900","id":"page-zones__main-widgets__5cc033aba1f42","name":"height","value":"80","template_ref":"0","library_item_ref":"0","siteRef":"97"},{"ref":"32253","page_id":"900","id":"page-zones__main-widgets__5cc033aba1f42","name":"font","value":"arial","template_ref":"0","library_item_ref":"0","siteRef":"97"},{"ref":"32254","page_id":"900","id":"page-zones__main-widgets__5cc033aba1f42","name":"og_type","value":"website","template_ref":"0","library_item_ref":"0","siteRef":"97"},{"ref":"32255","page_id":"900","id":"page-zones__main-widgets__5cc033aba1f42","name":"localClass","value":"widget-facebooklike-FON0FX","template_ref":"0","library_item_ref":"0","siteRef":"97"},{"ref":"32256","page_id":"900","id":"page-zones__main-widgets__5cc033b05c2ca","name":"linkText","value":"Tweet","template_ref":"0","library_item_ref":"0","siteRef":"97"},{"ref":"32257","page_id":"900","id":"page-zones__main-widgets__5cc033b05c2ca","name":"align","value":"","template_ref":"0","library_item_ref":"0","siteRef":"97"},{"ref":"32258","page_id":"900","id":"page-zones__main-widgets__5cc033b05c2ca","name":"localClass","value":"widget-tweet-R35244","template_ref":"0","library_item_ref":"0","siteRef":"97"},{"ref":"32259","page_id":"900","id":"page-zones__main-widgets__5cc033bc67da0","name":"align","value":"widget-align-left","template_ref":"0","library_item_ref":"0","siteRef":"97"},{"ref":"32260","page_id":"900","id":"page-zones__main-widgets__5cc033bc67da0","name":"linkedin","value":"profile","template_ref":"0","library_item_ref":"0","siteRef":"97"},{"ref":"32261","page_id":"900","id":"page-zones__main-widgets__5cc033bc67da0","name":"facebook","value":"profile","template_ref":"0","library_item_ref":"0","siteRef":"97"},{"ref":"32262","page_id":"900","id":"page-zones__main-widgets__5cc033bc67da0","name":"twitter","value":"profile","template_ref":"0","library_item_ref":"0","siteRef":"97"},{"ref":"32263","page_id":"900","id":"page-zones__main-widgets__5cc033bc67da0","name":"youtube","value":"profile","template_ref":"0","library_item_ref":"0","siteRef":"97"},{"ref":"32264","page_id":"900","id":"page-zones__main-widgets__5cc033bc67da0","name":"rss","value":"profile","template_ref":"0","library_item_ref":"0","siteRef":"97"},{"ref":"32265","page_id":"900","id":"page-zones__main-widgets__5cc033bc67da0","name":"instagram","value":"profile","template_ref":"0","library_item_ref":"0","siteRef":"97"},{"ref":"32266","page_id":"900","id":"page-zones__main-widgets__5cc033bc67da0","name":"pinterest","value":"profile","template_ref":"0","library_item_ref":"0","siteRef":"97"},{"ref":"32267","page_id":"900","id":"page-zones__main-widgets__5cc033bc67da0","name":"vkontakte","value":"profile","template_ref":"0","library_item_ref":"0","siteRef":"97"},{"ref":"32268","page_id":"900","id":"page-zones__main-widgets__5cc033bc67da0","name":"localClass","value":"widget-socialicons-HQ23A2","template_ref":"0","library_item_ref":"0","siteRef":"97"},{"ref":"32269","page_id":"900","id":"page-zones__main-widgets__5cc033c548cec","name":"postDisplayType","value":"summary","template_ref":"0","library_item_ref":"0","siteRef":"97"},{"ref":"32270","page_id":"900","id":"page-zones__main-widgets__5cc033c548cec","name":"localClass","value":"widget-blogpostlist-T57KUG","template_ref":"0","library_item_ref":"0","siteRef":"97"},{"ref":"32271","page_id":"900","id":"page-zones__main-widgets__5cc033c9dffda","name":"localClass","value":"widget-blogsearch-8T1V45","template_ref":"0","library_item_ref":"0","siteRef":"97"},{"ref":"32272","page_id":"900","id":"page-zones__main-widgets__5cc033d3ca5fc","name":"paypalbuynow_text","value":"Button text","template_ref":"0","library_item_ref":"0","siteRef":"97"},{"ref":"32273","page_id":"900","id":"page-zones__main-widgets__5cc033d3ca5fc","name":"paypalbuynow_productname","value":"My awesome product","template_ref":"0","library_item_ref":"0","siteRef":"97"},{"ref":"32274","page_id":"900","id":"page-zones__main-widgets__5cc033d3ca5fc","name":"paypalbuynow_productprice","value":"0","template_ref":"0","library_item_ref":"0","siteRef":"97"},{"ref":"32275","page_id":"900","id":"page-zones__main-widgets__5cc033d3ca5fc","name":"paypalbuynow_shipping","value":"0","template_ref":"0","library_item_ref":"0","siteRef":"97"},{"ref":"32276","page_id":"900","id":"page-zones__main-widgets__5cc033d3ca5fc","name":"align","value":"widget-align-left","template_ref":"0","library_item_ref":"0","siteRef":"97"},{"ref":"32277","page_id":"900","id":"page-zones__main-widgets__5cc033d3ca5fc","name":"localClass","value":"widget-paypalbuynow-VXLGW8","template_ref":"0","library_item_ref":"0","siteRef":"97"},{"ref":"32278","page_id":"900","id":"page-zones__main-widgets__5cc033d9bd5c1","name":"productFiltering","value":"1","template_ref":"0","library_item_ref":"0","siteRef":"97"},{"ref":"32279","page_id":"900","id":"page-zones__main-widgets__5cc033d9bd5c1","name":"localClass","value":"widget-ecomproductslist-ABXESP","template_ref":"0","library_item_ref":"0","siteRef":"97"},{"ref":"32280","page_id":"900","id":"page-zones__main-widgets__5cc033e106277","name":"limit","value":"20","template_ref":"0","library_item_ref":"0","siteRef":"97"},{"ref":"32281","page_id":"900","id":"page-zones__main-widgets__5cc033e106277","name":"localClass","value":"widget-ecomfeaturedproducts-4EHD1N","template_ref":"0","library_item_ref":"0","siteRef":"97"},{"ref":"32282","page_id":"900","id":"page-zones__main-widgets__5cc033e5112a4","name":"title","value":"Categories","template_ref":"0","library_item_ref":"0","siteRef":"97"},{"ref":"32283","page_id":"900","id":"page-zones__main-widgets__5cc033e5112a4","name":"showCount","value":"1","template_ref":"0","library_item_ref":"0","siteRef":"97"},{"ref":"32284","page_id":"900","id":"page-zones__main-widgets__5cc033e5112a4","name":"localClass","value":"widget-ecomcategorieslist-83D02E","template_ref":"0","library_item_ref":"0","siteRef":"97"}],"publishVersion":"1","lastPublishTimeStamp":"0"},"checksum":"2741390dcb7bde6fc3120a0421fc17e945645e18","siteRef":"53"}