[{"ref":"1178","id":"logo-logo","name":"defaultlogo","value":"\/\/d35onr1h4eb0bw.cloudfront.net\/2b52295e9d\/templates\/broad\/images\/logo.png","created":"2019-04-24 10:56:53","updated":"2019-04-24 10:56:53","siteRef":"106","language":null},{"ref":"1179","id":"logo-logo","name":"preset","value":null,"created":"2019-04-24 10:56:53","updated":"2019-04-24 10:56:53","siteRef":"106","language":null},{"ref":"1180","id":"logo-logo","name":"presetRef","value":null,"created":"2019-04-24 10:56:53","updated":"2019-04-24 10:56:53","siteRef":"106","language":null},{"ref":"1181","id":"logo-logo","name":"uniqueId","value":null,"created":"2019-04-24 10:56:53","updated":"2019-04-24 10:56:53","siteRef":"106","language":null},{"ref":"1182","id":"logo-logo","name":"useTemplate","value":"0","created":"2019-04-24 10:56:53","updated":"2019-04-24 11:14:08","siteRef":"106","language":null},{"ref":"1183","id":"logo-logo","name":"width","value":"210px","created":"2019-04-24 10:56:53","updated":"2019-04-24 11:14:08","siteRef":"106","language":null},{"ref":"1184","id":"feature-featurehome","name":"header","value":"Feature header text","created":"2019-04-29 16:30:07","updated":"2019-04-29 16:30:07","siteRef":"106","language":null},{"ref":"1185","id":"feature-featurehome","name":"strapline","value":"Feature stapline text","created":"2019-04-29 16:30:07","updated":"2019-04-29 16:34:20","siteRef":"106","language":null},{"ref":"1186","id":"feature-featurehome","name":"defaultBgImg","value":"\/\/55b558c7-resources.dev.basekit.technology\/5s9w5tnc\/templates\/broad\/images\/feature-bg.jpg","created":"2019-04-29 16:30:07","updated":"2019-04-29 16:30:07","siteRef":"106","language":null},{"ref":"1187","id":"feature-featurehome","name":"positionTopPercentage","value":"0","created":"2019-04-29 16:30:07","updated":"2019-04-29 16:30:07","siteRef":"106","language":null},{"ref":"1188","id":"feature-featurehome","name":"showBtn","value":"1","created":"2019-04-29 16:30:07","updated":"2019-04-29 16:30:07","siteRef":"106","language":null},{"ref":"1189","id":"feature-featurehome","name":"preset","value":null,"created":"2019-04-29 16:30:07","updated":"2019-04-29 16:30:07","siteRef":"106","language":null},{"ref":"1190","id":"feature-featurehome","name":"presetRef","value":null,"created":"2019-04-29 16:30:07","updated":"2019-04-29 16:30:07","siteRef":"106","language":null},{"ref":"1191","id":"feature-featurehome","name":"uniqueId","value":null,"created":"2019-04-29 16:30:07","updated":"2019-04-29 16:30:07","siteRef":"106","language":null},{"ref":"1192","id":"feature-featurehome","name":"bgImg","value":"","created":"2019-04-29 16:30:07","updated":"2019-04-29 16:30:07","siteRef":"106","language":null},{"ref":"1193","id":"feature-featurehome","name":"newBgImg","value":"","created":"2019-04-29 16:30:07","updated":"2019-04-29 16:30:07","siteRef":"106","language":null},{"ref":"1194","id":"feature-featurehome","name":"url","value":"","created":"2019-04-29 16:30:07","updated":"2019-04-29 16:30:07","siteRef":"106","language":null},{"ref":"1195","id":"feature-featurehome","name":"action","value":"none","created":"2019-04-29 16:30:07","updated":"2019-04-29 16:30:07","siteRef":"106","language":null},{"ref":"1196","id":"feature-featurehome","name":"buttonText","value":"Feature Button","created":"2019-04-29 16:30:07","updated":"2019-04-29 16:30:07","siteRef":"106","language":null},{"ref":"1197","id":"feature-featurehome","name":"target","value":"New","created":"2019-04-29 16:30:07","updated":"2019-04-29 16:30:07","siteRef":"106","language":null}]