{"ref":"730","stateCacheRef":"74","pageRef":null,"data":{"children":[{"ref":"9008","page_id":"907","id":"page-zones__main","name":"5cc6fcca202f9","type":"Widget.row","collection":"widgets","position":"0","data":null,"template_ref":"0","library_item_ref":"0","siteRef":"97","uniqueId":"Jeue6pbFT7kcm3e","language":null},{"ref":"9009","page_id":"907","id":"page-zones__main-widgets__5cc6fcca202f9","name":"5cc6fcca3808f","type":"Widget.Ecomproductslist","collection":"widgets","position":"0","data":null,"template_ref":"0","library_item_ref":"0","siteRef":"97","uniqueId":"K8efZNsYYNoRKaQ","language":null},{"ref":"9007","page_id":"907","id":"page","name":"main","type":"Widget.Template","collection":"zones","position":"1","data":null,"template_ref":"0","library_item_ref":"0","siteRef":"97","uniqueId":"4jxbgBYZ0aXJjKp","language":null}],"values":[{"ref":"32746","page_id":"907","id":"page-zones__main-widgets__5cc6fcca202f9","name":"backgroundType","value":"color","template_ref":"0","library_item_ref":"0","siteRef":"97"},{"ref":"32747","page_id":"907","id":"page-zones__main-widgets__5cc6fcca202f9","name":"height","value":"default","template_ref":"0","library_item_ref":"0","siteRef":"97"},{"ref":"32748","page_id":"907","id":"page-zones__main-widgets__5cc6fcca202f9","name":"horizontalAlignment","value":"center","template_ref":"0","library_item_ref":"0","siteRef":"97"},{"ref":"32749","page_id":"907","id":"page-zones__main-widgets__5cc6fcca202f9","name":"layout","value":"","template_ref":"0","library_item_ref":"0","siteRef":"97"},{"ref":"32750","page_id":"907","id":"page-zones__main-widgets__5cc6fcca202f9","name":"width","value":"contained","template_ref":"0","library_item_ref":"0","siteRef":"97"},{"ref":"32751","page_id":"907","id":"page-zones__main-widgets__5cc6fcca202f9","name":"style","value":"light","template_ref":"0","library_item_ref":"0","siteRef":"97"},{"ref":"32752","page_id":"907","id":"page-zones__main-widgets__5cc6fcca202f9","name":"verticalAlignment","value":"top","template_ref":"0","library_item_ref":"0","siteRef":"97"},{"ref":"32753","page_id":"907","id":"page-zones__main-widgets__5cc6fcca202f9","name":"immutable","value":"1","template_ref":"0","library_item_ref":"0","siteRef":"97"},{"ref":"32754","page_id":"907","id":"page-zones__main-widgets__5cc6fcca202f9","name":"originalRowTemplateId","value":null,"template_ref":"0","library_item_ref":"0","siteRef":"97"},{"ref":"32755","page_id":"907","id":"page-zones__main-widgets__5cc6fcca202f9-widgets__5cc6fcca3808f","name":"productFiltering","value":"1","template_ref":"0","library_item_ref":"0","siteRef":"97"},{"ref":"32756","page_id":"907","id":"page-zones__main-widgets__5cc6fcca202f9-widgets__5cc6fcca3808f","name":"immutable","value":"1","template_ref":"0","library_item_ref":"0","siteRef":"97"}],"publishVersion":"1","lastPublishTimeStamp":"0"},"checksum":"276dd5ae0bb46c72f54a6641ad06e39846985c74","siteRef":"53"}