{"ref":"728","stateCacheRef":"74","pageRef":null,"data":{"children":[{"ref":"9002","page_id":"905","id":"page-zones__main","name":"5cc6fcc9bc08a","type":"Widget.row","collection":"widgets","position":"0","data":null,"template_ref":"0","library_item_ref":"0","siteRef":"97","uniqueId":"vUPilCWzt0aLw60","language":null},{"ref":"9003","page_id":"905","id":"page-zones__main-widgets__5cc6fcc9bc08a","name":"5cc6fcc9cd883","type":"Widget.Ecomproduct","collection":"widgets","position":"0","data":null,"template_ref":"0","library_item_ref":"0","siteRef":"97","uniqueId":"9ICDx3hUGQGHbVq","language":null},{"ref":"9001","page_id":"905","id":"page","name":"main","type":"Widget.Template","collection":"zones","position":"1","data":null,"template_ref":"0","library_item_ref":"0","siteRef":"97","uniqueId":"xHSwHg1zLWareai","language":null}],"values":[{"ref":"32726","page_id":"905","id":"page-zones__main-widgets__5cc6fcc9bc08a","name":"backgroundType","value":"color","template_ref":"0","library_item_ref":"0","siteRef":"97"},{"ref":"32727","page_id":"905","id":"page-zones__main-widgets__5cc6fcc9bc08a","name":"height","value":"default","template_ref":"0","library_item_ref":"0","siteRef":"97"},{"ref":"32728","page_id":"905","id":"page-zones__main-widgets__5cc6fcc9bc08a","name":"horizontalAlignment","value":"center","template_ref":"0","library_item_ref":"0","siteRef":"97"},{"ref":"32729","page_id":"905","id":"page-zones__main-widgets__5cc6fcc9bc08a","name":"layout","value":"","template_ref":"0","library_item_ref":"0","siteRef":"97"},{"ref":"32730","page_id":"905","id":"page-zones__main-widgets__5cc6fcc9bc08a","name":"width","value":"contained","template_ref":"0","library_item_ref":"0","siteRef":"97"},{"ref":"32731","page_id":"905","id":"page-zones__main-widgets__5cc6fcc9bc08a","name":"style","value":"light","template_ref":"0","library_item_ref":"0","siteRef":"97"},{"ref":"32732","page_id":"905","id":"page-zones__main-widgets__5cc6fcc9bc08a","name":"verticalAlignment","value":"top","template_ref":"0","library_item_ref":"0","siteRef":"97"},{"ref":"32733","page_id":"905","id":"page-zones__main-widgets__5cc6fcc9bc08a","name":"immutable","value":"1","template_ref":"0","library_item_ref":"0","siteRef":"97"},{"ref":"32734","page_id":"905","id":"page-zones__main-widgets__5cc6fcc9bc08a","name":"originalRowTemplateId","value":null,"template_ref":"0","library_item_ref":"0","siteRef":"97"},{"ref":"32735","page_id":"905","id":"page-zones__main-widgets__5cc6fcc9bc08a-widgets__5cc6fcc9cd883","name":"immutable","value":"1","template_ref":"0","library_item_ref":"0","siteRef":"97"}],"publishVersion":"1","lastPublishTimeStamp":"0"},"checksum":"2741390dcb7bde6fc3120a0421fc17e945645e18","siteRef":"53"}