[{"ref":"1027","id":"logo-logo","name":"defaultlogo","value":"\/\/d35onr1h4eb0bw.cloudfront.net\/2b52295e9d\/templates\/broad\/images\/logo.png","created":"2019-04-24 10:56:53","updated":"2019-04-24 10:56:53","siteRef":"100","language":null},{"ref":"1028","id":"logo-logo","name":"preset","value":null,"created":"2019-04-24 10:56:53","updated":"2019-04-24 10:56:53","siteRef":"100","language":null},{"ref":"1029","id":"logo-logo","name":"presetRef","value":null,"created":"2019-04-24 10:56:53","updated":"2019-04-24 10:56:53","siteRef":"100","language":null},{"ref":"1030","id":"logo-logo","name":"uniqueId","value":null,"created":"2019-04-24 10:56:53","updated":"2019-04-24 10:56:53","siteRef":"100","language":null},{"ref":"1031","id":"logo-logo","name":"useTemplate","value":"0","created":"2019-04-24 10:56:53","updated":"2019-04-24 11:14:08","siteRef":"100","language":null},{"ref":"1032","id":"logo-logo","name":"width","value":"210px","created":"2019-04-24 10:56:53","updated":"2019-04-24 11:14:08","siteRef":"100","language":null},{"ref":"1033","id":"feature-featurehome","name":"header","value":"Feature header text","created":"2019-04-29 16:30:07","updated":"2019-04-29 16:30:07","siteRef":"100","language":null},{"ref":"1034","id":"feature-featurehome","name":"strapline","value":"Feature stapline text","created":"2019-04-29 16:30:07","updated":"2019-04-29 16:34:20","siteRef":"100","language":null},{"ref":"1035","id":"feature-featurehome","name":"defaultBgImg","value":"\/\/55b558c7-resources.dev.basekit.technology\/5s9w5tnc\/templates\/broad\/images\/feature-bg.jpg","created":"2019-04-29 16:30:07","updated":"2019-04-29 16:30:07","siteRef":"100","language":null},{"ref":"1036","id":"feature-featurehome","name":"positionTopPercentage","value":"0","created":"2019-04-29 16:30:07","updated":"2019-04-29 16:30:07","siteRef":"100","language":null},{"ref":"1037","id":"feature-featurehome","name":"showBtn","value":"1","created":"2019-04-29 16:30:07","updated":"2019-04-29 16:30:07","siteRef":"100","language":null},{"ref":"1038","id":"feature-featurehome","name":"preset","value":null,"created":"2019-04-29 16:30:07","updated":"2019-04-29 16:30:07","siteRef":"100","language":null},{"ref":"1039","id":"feature-featurehome","name":"presetRef","value":null,"created":"2019-04-29 16:30:07","updated":"2019-04-29 16:30:07","siteRef":"100","language":null},{"ref":"1040","id":"feature-featurehome","name":"uniqueId","value":null,"created":"2019-04-29 16:30:07","updated":"2019-04-29 16:30:07","siteRef":"100","language":null},{"ref":"1041","id":"feature-featurehome","name":"bgImg","value":"","created":"2019-04-29 16:30:07","updated":"2019-04-29 16:30:07","siteRef":"100","language":null},{"ref":"1042","id":"feature-featurehome","name":"newBgImg","value":"","created":"2019-04-29 16:30:07","updated":"2019-04-29 16:30:07","siteRef":"100","language":null},{"ref":"1043","id":"feature-featurehome","name":"url","value":"","created":"2019-04-29 16:30:07","updated":"2019-04-29 16:30:07","siteRef":"100","language":null},{"ref":"1044","id":"feature-featurehome","name":"action","value":"none","created":"2019-04-29 16:30:07","updated":"2019-04-29 16:30:07","siteRef":"100","language":null},{"ref":"1045","id":"feature-featurehome","name":"buttonText","value":"Feature Button","created":"2019-04-29 16:30:07","updated":"2019-04-29 16:30:07","siteRef":"100","language":null},{"ref":"1046","id":"feature-featurehome","name":"target","value":"New","created":"2019-04-29 16:30:07","updated":"2019-04-29 16:30:07","siteRef":"100","language":null}]