[{"ref":"977239","section":"colors","name":"color__primary","value":"@color-swatch3","siteRef":"315103"},{"ref":"977240","section":"colors","name":"color__secondary","value":"@color-swatch2","siteRef":"315103"},{"ref":"977241","section":"site","name":"color__body--background","value":"@color-swatch1","siteRef":"315103"},{"ref":"977242","section":"site","name":"color__link--text","value":"@color__secondary","siteRef":"315103"},{"ref":"977243","section":"site","name":"color__companyname--text","value":"@font-swatch10-color","siteRef":"315103"},{"ref":"977244","section":"site","name":"font__companyname--font-family","value":"@font-swatch10-font-family","siteRef":"315103"},{"ref":"977245","section":"site","name":"font__companyname--font-size","value":"@font-swatch10-font-size","siteRef":"315103"},{"ref":"977246","section":"site","name":"font__companyname--font-weight","value":"@font-swatch10-font-weight","siteRef":"315103"},{"ref":"977247","section":"site","name":"font__companyname--line-height","value":"@font-swatch10-line-height","siteRef":"315103"},{"ref":"977248","section":"site","name":"font__companyname--letter-spacing","value":"@font-swatch10-letter-spacing","siteRef":"315103"},{"ref":"977249","section":"typography","name":"color__h1--text","value":"@font-swatch1-color","siteRef":"315103"},{"ref":"977250","section":"typography","name":"font__h1--font-family","value":"@font-swatch1-font-family","siteRef":"315103"},{"ref":"977251","section":"typography","name":"font__h1--font-size","value":"@font-swatch1-font-size","siteRef":"315103"},{"ref":"977252","section":"typography","name":"font__h1--font-weight","value":"@font-swatch1-font-weight","siteRef":"315103"},{"ref":"977253","section":"typography","name":"font__h1--line-height","value":"@font-swatch1-line-height","siteRef":"315103"},{"ref":"977254","section":"typography","name":"font__h1--letter-spacing","value":"@font-swatch1-letter-spacing","siteRef":"315103"},{"ref":"977255","section":"typography","name":"color__h2--text","value":"@font-swatch2-color","siteRef":"315103"},{"ref":"977256","section":"typography","name":"font__h2--font-family","value":"@font-swatch2-font-family","siteRef":"315103"},{"ref":"977257","section":"typography","name":"font__h2--font-size","value":"@font-swatch2-font-size","siteRef":"315103"},{"ref":"977258","section":"typography","name":"font__h2--font-weight","value":"@font-swatch2-font-weight","siteRef":"315103"},{"ref":"977259","section":"typography","name":"font__h2--line-height","value":"@font-swatch2-line-height","siteRef":"315103"},{"ref":"977260","section":"typography","name":"font__h2--letter-spacing","value":"@font-swatch2-letter-spacing","siteRef":"315103"},{"ref":"977261","section":"typography","name":"color__h3--text","value":"@font-swatch3-color","siteRef":"315103"},{"ref":"977262","section":"typography","name":"font__h3--font-family","value":"@font-swatch3-font-family","siteRef":"315103"},{"ref":"977263","section":"typography","name":"font__h3--font-size","value":"@font-swatch3-font-size","siteRef":"315103"},{"ref":"977264","section":"typography","name":"font__h3--font-weight","value":"@font-swatch3-font-weight","siteRef":"315103"},{"ref":"977265","section":"typography","name":"font__h3--line-height","value":"@font-swatch3-line-height","siteRef":"315103"},{"ref":"977266","section":"typography","name":"font__h3--letter-spacing","value":"@font-swatch3-letter-spacing","siteRef":"315103"},{"ref":"977267","section":"typography","name":"color__h4--text","value":"@font-swatch4-color","siteRef":"315103"},{"ref":"977268","section":"typography","name":"font__h4--font-family","value":"@font-swatch4-font-family","siteRef":"315103"},{"ref":"977269","section":"typography","name":"font__h4--font-size","value":"@font-swatch4-font-size","siteRef":"315103"},{"ref":"977270","section":"typography","name":"font__h4--font-weight","value":"@font-swatch4-font-weight","siteRef":"315103"},{"ref":"977271","section":"typography","name":"font__h4--line-height","value":"@font-swatch4-line-height","siteRef":"315103"},{"ref":"977272","section":"typography","name":"font__h4--letter-spacing","value":"@font-swatch4-letter-spacing","siteRef":"315103"},{"ref":"977273","section":"typography","name":"color__p--text","value":"@font-swatch5-color","siteRef":"315103"},{"ref":"977274","section":"typography","name":"font__p--font-family","value":"@font-swatch5-font-family","siteRef":"315103"},{"ref":"977275","section":"typography","name":"font__p--font-size","value":"@font-swatch5-font-size","siteRef":"315103"},{"ref":"977276","section":"typography","name":"font__p--font-weight","value":"@font-swatch5-font-weight","siteRef":"315103"},{"ref":"977277","section":"typography","name":"font__p--line-height","value":"@font-swatch5-line-height","siteRef":"315103"},{"ref":"977278","section":"typography","name":"font__p--letter-spacing","value":"@font-swatch5-letter-spacing","siteRef":"315103"},{"ref":"977279","section":"button","name":"color__button--background","value":"@color__primary","siteRef":"315103"},{"ref":"977280","section":"button","name":"color__button--background--hover","value":"@color__secondary","siteRef":"315103"},{"ref":"977281","section":"button","name":"color__button--text","value":"@font-swatch7-color","siteRef":"315103"},{"ref":"977282","section":"button","name":"font__button--font-family","value":"@font-swatch7-font-family","siteRef":"315103"},{"ref":"977283","section":"button","name":"font__button--font-size","value":"@font-swatch7-font-size","siteRef":"315103"},{"ref":"977284","section":"button","name":"font__button--font-weight","value":"@font-swatch7-font-weight","siteRef":"315103"},{"ref":"977285","section":"button","name":"font__button--line-height","value":"@font-swatch7-line-height","siteRef":"315103"},{"ref":"977286","section":"button","name":"font__button--letter-spacing","value":"@font-swatch7-letter-spacing","siteRef":"315103"},{"ref":"977287","section":"navigation","name":"color__navigation--text","value":"@font-swatch6-color","siteRef":"315103"},{"ref":"977288","section":"navigation","name":"color__navigation--text--hover","value":"@font-swatch6-color-hover","siteRef":"315103"},{"ref":"977289","section":"navigation","name":"color__navigation--text--selected","value":"@color__primary","siteRef":"315103"},{"ref":"977290","section":"navigation","name":"color__navigation--background","value":"@color__body--background","siteRef":"315103"},{"ref":"977291","section":"navigation","name":"font__navigation--font-family","value":"@font-swatch6-font-family","siteRef":"315103"},{"ref":"977292","section":"navigation","name":"font__navigation--font-size","value":"@font-swatch6-font-size","siteRef":"315103"},{"ref":"977293","section":"navigation","name":"font__navigation--font-weight","value":"@font-swatch6-font-weight","siteRef":"315103"},{"ref":"977294","section":"navigation","name":"font__navigation--line-height","value":"@font-swatch6-line-height","siteRef":"315103"},{"ref":"977295","section":"navigation","name":"font__navigation--letter-spacing","value":"@font-swatch6-letter-spacing","siteRef":"315103"},{"ref":"977296","section":"feature","name":"color__feature-headline--text","value":"@font-swatch8-color","siteRef":"315103"},{"ref":"977297","section":"feature","name":"color__feature-strapline--text","value":"@font-swatch9-color","siteRef":"315103"},{"ref":"977298","section":"feature","name":"color__feature-button--text","value":"@font-swatch7-color","siteRef":"315103"},{"ref":"977299","section":"feature","name":"color__feature-button--background","value":"@color__secondary","siteRef":"315103"},{"ref":"977300","section":"feature","name":"color__feature-button--background--hover","value":"darken(@color__secondary, 10%)","siteRef":"315103"},{"ref":"977301","section":"feature","name":"color__feature-button--border","value":"transparent","siteRef":"315103"},{"ref":"977302","section":"feature","name":"color__feature-content--background","value":"#000000","siteRef":"315103"},{"ref":"977303","section":"feature","name":"font__feature-headline--font-family","value":"@font-swatch8-font-family","siteRef":"315103"},{"ref":"977304","section":"feature","name":"font__feature-headline--font-size","value":"@font-swatch8-font-size","siteRef":"315103"},{"ref":"977305","section":"feature","name":"font__feature-headline--font-weight","value":"@font-swatch8-font-weight","siteRef":"315103"},{"ref":"977306","section":"feature","name":"font__feature-headline--line-height","value":"@font-swatch8-line-height","siteRef":"315103"},{"ref":"977307","section":"feature","name":"font__feature-headline--letter-spacing","value":"@font-swatch8-letter-spacing","siteRef":"315103"},{"ref":"977308","section":"feature","name":"font__feature-strapline--font-family","value":"@font-swatch9-font-family","siteRef":"315103"},{"ref":"977309","section":"feature","name":"font__feature-strapline--font-size","value":"@font-swatch9-font-size","siteRef":"315103"},{"ref":"977310","section":"feature","name":"font__feature-strapline--font-weight","value":"@font-swatch9-font-weight","siteRef":"315103"},{"ref":"977311","section":"feature","name":"font__feature-strapline--line-height","value":"@font-swatch9-line-height","siteRef":"315103"},{"ref":"977312","section":"feature","name":"font__feature-strapline--letter-spacing","value":"@font-swatch9-letter-spacing","siteRef":"315103"},{"ref":"977313","section":"forms","name":"color__form--background","value":"darken(@color__body--background, 3%)","siteRef":"315103"},{"ref":"977314","section":"forms","name":"color__form-legend--text","value":"darken(@font-swatch5-color, 4%)","siteRef":"315103"},{"ref":"977315","section":"forms","name":"color__form-legend--background","value":"darken(@color__body--background, 6%)","siteRef":"315103"},{"ref":"977316","section":"forms","name":"color__form-label--text","value":"@font-swatch5-color","siteRef":"315103"},{"ref":"977317","section":"image","name":"color__image-title--text","value":"@color-swatch4","siteRef":"315103"},{"ref":"977318","section":"image","name":"color__image-description--text","value":"@color-swatch5","siteRef":"315103"},{"ref":"977319","section":"twitter","name":"color__twitter-item--background","value":"darken(@color__body--background, 2%)","siteRef":"315103"},{"ref":"977320","section":"twitter","name":"color__twitter-account-name--text","value":"@color__secondary","siteRef":"315103"},{"ref":"977321","section":"twitter","name":"color__twitter-tweet--text","value":"@font-swatch5-color","siteRef":"315103"},{"ref":"977322","section":"socialicons","name":"color__socialicons--icon","value":"@color-swatch1","siteRef":"315103"},{"ref":"977323","section":"socialicons","name":"color__socialicons--icon--background","value":"@font-swatch6-color","siteRef":"315103"},{"ref":"977324","section":"blog","name":"color__blogpostlist-title--text","value":"@color__secondary","siteRef":"315103"},{"ref":"977325","section":"blog","name":"color__blogpost-title--text","value":"@font-swatch1-color","siteRef":"315103"},{"ref":"977326","section":"ecommerce","name":"color__ecomproductslist-label--text","value":"@color__form-label--text","siteRef":"315103"},{"ref":"977327","section":"ecommerce","name":"color__ecomproductslist-product-title--text","value":"@font-swatch3-color","siteRef":"315103"},{"ref":"977328","section":"ecommerce","name":"color__ecomproductslist-filters--background","value":"darken(@color__body--background, 3%)","siteRef":"315103"},{"ref":"977329","section":"ecommerce","name":"color__ecomproduct--background","value":"darken(@color__body--background, 3%)","siteRef":"315103"},{"ref":"977330","section":"ecommerce","name":"color__ecomproduct-title--text","value":"@font-swatch1-color","siteRef":"315103"},{"ref":"977331","section":"ecommerce","name":"color__ecomproduct-price--text","value":"@font-swatch3-color","siteRef":"315103"},{"ref":"977332","section":"ecommerce","name":"color__ecombasket-button--background","value":"@color__primary","siteRef":"315103"},{"ref":"977333","section":"ecommerce","name":"color__ecombasket-button--background--hover","value":"@color__secondary","siteRef":"315103"},{"ref":"977334","section":"ecommerce","name":"color__ecombasket-button--text","value":"@font-swatch7-color","siteRef":"315103"}]