[{"ref":"13865","section":"colors","name":"color__primary","value":"@color-swatch3","siteRef":"53"},{"ref":"13866","section":"colors","name":"color__secondary","value":"@color-swatch2","siteRef":"53"},{"ref":"13867","section":"site","name":"color__body--background","value":"@color-swatch1","siteRef":"53"},{"ref":"13868","section":"site","name":"color__link--text","value":"@color__secondary","siteRef":"53"},{"ref":"13869","section":"site","name":"color__companyname--text","value":"@font-swatch10-color","siteRef":"53"},{"ref":"13870","section":"site","name":"font__companyname--font-family","value":"@font-swatch10-font-family","siteRef":"53"},{"ref":"13871","section":"site","name":"font__companyname--font-size","value":"@font-swatch10-font-size","siteRef":"53"},{"ref":"13872","section":"site","name":"font__companyname--font-weight","value":"@font-swatch10-font-weight","siteRef":"53"},{"ref":"13873","section":"site","name":"font__companyname--line-height","value":"@font-swatch10-line-height","siteRef":"53"},{"ref":"13874","section":"site","name":"font__companyname--letter-spacing","value":"@font-swatch10-letter-spacing","siteRef":"53"},{"ref":"13875","section":"typography","name":"color__h1--text","value":"@font-swatch1-color","siteRef":"53"},{"ref":"13876","section":"typography","name":"font__h1--font-family","value":"@font-swatch1-font-family","siteRef":"53"},{"ref":"13877","section":"typography","name":"font__h1--font-size","value":"@font-swatch1-font-size","siteRef":"53"},{"ref":"13878","section":"typography","name":"font__h1--font-weight","value":"@font-swatch1-font-weight","siteRef":"53"},{"ref":"13879","section":"typography","name":"font__h1--line-height","value":"@font-swatch1-line-height","siteRef":"53"},{"ref":"13880","section":"typography","name":"font__h1--letter-spacing","value":"@font-swatch1-letter-spacing","siteRef":"53"},{"ref":"13881","section":"typography","name":"color__h2--text","value":"@font-swatch2-color","siteRef":"53"},{"ref":"13882","section":"typography","name":"font__h2--font-family","value":"@font-swatch2-font-family","siteRef":"53"},{"ref":"13883","section":"typography","name":"font__h2--font-size","value":"@font-swatch2-font-size","siteRef":"53"},{"ref":"13884","section":"typography","name":"font__h2--font-weight","value":"@font-swatch2-font-weight","siteRef":"53"},{"ref":"13885","section":"typography","name":"font__h2--line-height","value":"@font-swatch2-line-height","siteRef":"53"},{"ref":"13886","section":"typography","name":"font__h2--letter-spacing","value":"@font-swatch2-letter-spacing","siteRef":"53"},{"ref":"13887","section":"typography","name":"color__h3--text","value":"@font-swatch3-color","siteRef":"53"},{"ref":"13888","section":"typography","name":"font__h3--font-family","value":"@font-swatch3-font-family","siteRef":"53"},{"ref":"13889","section":"typography","name":"font__h3--font-size","value":"@font-swatch3-font-size","siteRef":"53"},{"ref":"13890","section":"typography","name":"font__h3--font-weight","value":"@font-swatch3-font-weight","siteRef":"53"},{"ref":"13891","section":"typography","name":"font__h3--line-height","value":"@font-swatch3-line-height","siteRef":"53"},{"ref":"13892","section":"typography","name":"font__h3--letter-spacing","value":"@font-swatch3-letter-spacing","siteRef":"53"},{"ref":"13893","section":"typography","name":"color__h4--text","value":"@font-swatch4-color","siteRef":"53"},{"ref":"13894","section":"typography","name":"font__h4--font-family","value":"@font-swatch4-font-family","siteRef":"53"},{"ref":"13895","section":"typography","name":"font__h4--font-size","value":"@font-swatch4-font-size","siteRef":"53"},{"ref":"13896","section":"typography","name":"font__h4--font-weight","value":"@font-swatch4-font-weight","siteRef":"53"},{"ref":"13897","section":"typography","name":"font__h4--line-height","value":"@font-swatch4-line-height","siteRef":"53"},{"ref":"13898","section":"typography","name":"font__h4--letter-spacing","value":"@font-swatch4-letter-spacing","siteRef":"53"},{"ref":"13899","section":"typography","name":"color__p--text","value":"@font-swatch5-color","siteRef":"53"},{"ref":"13900","section":"typography","name":"font__p--font-family","value":"@font-swatch5-font-family","siteRef":"53"},{"ref":"13901","section":"typography","name":"font__p--font-size","value":"@font-swatch5-font-size","siteRef":"53"},{"ref":"13902","section":"typography","name":"font__p--font-weight","value":"@font-swatch5-font-weight","siteRef":"53"},{"ref":"13903","section":"typography","name":"font__p--line-height","value":"@font-swatch5-line-height","siteRef":"53"},{"ref":"13904","section":"typography","name":"font__p--letter-spacing","value":"@font-swatch5-letter-spacing","siteRef":"53"},{"ref":"13905","section":"button","name":"color__button--background","value":"@color__primary","siteRef":"53"},{"ref":"13906","section":"button","name":"color__button--background--hover","value":"@color__secondary","siteRef":"53"},{"ref":"13907","section":"button","name":"color__button--text","value":"@font-swatch7-color","siteRef":"53"},{"ref":"13908","section":"button","name":"font__button--font-family","value":"@font-swatch7-font-family","siteRef":"53"},{"ref":"13909","section":"button","name":"font__button--font-size","value":"@font-swatch7-font-size","siteRef":"53"},{"ref":"13910","section":"button","name":"font__button--font-weight","value":"@font-swatch7-font-weight","siteRef":"53"},{"ref":"13911","section":"button","name":"font__button--line-height","value":"@font-swatch7-line-height","siteRef":"53"},{"ref":"13912","section":"button","name":"font__button--letter-spacing","value":"@font-swatch7-letter-spacing","siteRef":"53"},{"ref":"13913","section":"navigation","name":"color__navigation--text","value":"@font-swatch6-color","siteRef":"53"},{"ref":"13914","section":"navigation","name":"color__navigation--text--hover","value":"@font-swatch6-color-hover","siteRef":"53"},{"ref":"13915","section":"navigation","name":"color__navigation--text--selected","value":"@color__primary","siteRef":"53"},{"ref":"13916","section":"navigation","name":"color__navigation--background","value":"@color__body--background","siteRef":"53"},{"ref":"13917","section":"navigation","name":"font__navigation--font-family","value":"@font-swatch6-font-family","siteRef":"53"},{"ref":"13918","section":"navigation","name":"font__navigation--font-size","value":"@font-swatch6-font-size","siteRef":"53"},{"ref":"13919","section":"navigation","name":"font__navigation--font-weight","value":"@font-swatch6-font-weight","siteRef":"53"},{"ref":"13920","section":"navigation","name":"font__navigation--line-height","value":"@font-swatch6-line-height","siteRef":"53"},{"ref":"13921","section":"navigation","name":"font__navigation--letter-spacing","value":"@font-swatch6-letter-spacing","siteRef":"53"},{"ref":"13922","section":"feature","name":"color__feature-headline--text","value":"@font-swatch8-color","siteRef":"53"},{"ref":"13923","section":"feature","name":"color__feature-strapline--text","value":"@font-swatch9-color","siteRef":"53"},{"ref":"13924","section":"feature","name":"color__feature-button--text","value":"@font-swatch7-color","siteRef":"53"},{"ref":"13925","section":"feature","name":"color__feature-button--background","value":"@color__secondary","siteRef":"53"},{"ref":"13926","section":"feature","name":"color__feature-button--background--hover","value":"darken(@color__secondary, 10%)","siteRef":"53"},{"ref":"13927","section":"feature","name":"color__feature-button--border","value":"transparent","siteRef":"53"},{"ref":"13928","section":"feature","name":"color__feature-content--background","value":"#000000","siteRef":"53"},{"ref":"13929","section":"feature","name":"font__feature-headline--font-family","value":"@font-swatch8-font-family","siteRef":"53"},{"ref":"13930","section":"feature","name":"font__feature-headline--font-size","value":"@font-swatch8-font-size","siteRef":"53"},{"ref":"13931","section":"feature","name":"font__feature-headline--font-weight","value":"@font-swatch8-font-weight","siteRef":"53"},{"ref":"13932","section":"feature","name":"font__feature-headline--line-height","value":"@font-swatch8-line-height","siteRef":"53"},{"ref":"13933","section":"feature","name":"font__feature-headline--letter-spacing","value":"@font-swatch8-letter-spacing","siteRef":"53"},{"ref":"13934","section":"feature","name":"font__feature-strapline--font-family","value":"@font-swatch9-font-family","siteRef":"53"},{"ref":"13935","section":"feature","name":"font__feature-strapline--font-size","value":"@font-swatch9-font-size","siteRef":"53"},{"ref":"13936","section":"feature","name":"font__feature-strapline--font-weight","value":"@font-swatch9-font-weight","siteRef":"53"},{"ref":"13937","section":"feature","name":"font__feature-strapline--line-height","value":"@font-swatch9-line-height","siteRef":"53"},{"ref":"13938","section":"feature","name":"font__feature-strapline--letter-spacing","value":"@font-swatch9-letter-spacing","siteRef":"53"},{"ref":"13939","section":"forms","name":"color__form--background","value":"darken(@color__body--background, 3%)","siteRef":"53"},{"ref":"13940","section":"forms","name":"color__form-legend--text","value":"darken(@font-swatch5-color, 4%)","siteRef":"53"},{"ref":"13941","section":"forms","name":"color__form-legend--background","value":"darken(@color__body--background, 6%)","siteRef":"53"},{"ref":"13942","section":"forms","name":"color__form-label--text","value":"@font-swatch5-color","siteRef":"53"},{"ref":"13943","section":"image","name":"color__image-title--text","value":"@color-swatch4","siteRef":"53"},{"ref":"13944","section":"image","name":"color__image-description--text","value":"@color-swatch5","siteRef":"53"},{"ref":"13945","section":"twitter","name":"color__twitter-item--background","value":"darken(@color__body--background, 2%)","siteRef":"53"},{"ref":"13946","section":"twitter","name":"color__twitter-account-name--text","value":"@color__secondary","siteRef":"53"},{"ref":"13947","section":"twitter","name":"color__twitter-tweet--text","value":"@font-swatch5-color","siteRef":"53"},{"ref":"13948","section":"socialicons","name":"color__socialicons--icon","value":"@color-swatch1","siteRef":"53"},{"ref":"13949","section":"socialicons","name":"color__socialicons--icon--background","value":"@font-swatch6-color","siteRef":"53"},{"ref":"13950","section":"blog","name":"color__blogpostlist-title--text","value":"@color__secondary","siteRef":"53"},{"ref":"13951","section":"blog","name":"color__blogpost-title--text","value":"@font-swatch1-color","siteRef":"53"},{"ref":"13952","section":"ecommerce","name":"color__ecomproductslist-label--text","value":"@color__form-label--text","siteRef":"53"},{"ref":"13953","section":"ecommerce","name":"color__ecomproductslist-product-title--text","value":"@font-swatch3-color","siteRef":"53"},{"ref":"13954","section":"ecommerce","name":"color__ecomproductslist-filters--background","value":"darken(@color__body--background, 3%)","siteRef":"53"},{"ref":"13955","section":"ecommerce","name":"color__ecomproduct--background","value":"darken(@color__body--background, 3%)","siteRef":"53"},{"ref":"13956","section":"ecommerce","name":"color__ecomproduct-title--text","value":"@font-swatch1-color","siteRef":"53"},{"ref":"13957","section":"ecommerce","name":"color__ecomproduct-price--text","value":"@font-swatch3-color","siteRef":"53"},{"ref":"13958","section":"ecommerce","name":"color__ecombasket-button--background","value":"@color__primary","siteRef":"53"},{"ref":"13959","section":"ecommerce","name":"color__ecombasket-button--background--hover","value":"@color__secondary","siteRef":"53"},{"ref":"13960","section":"ecommerce","name":"color__ecombasket-button--text","value":"@font-swatch7-color","siteRef":"53"}]