[{"ref":"16633","section":"colors","name":"color__primary","value":"@color-swatch3","siteRef":"100"},{"ref":"16634","section":"colors","name":"color__secondary","value":"@color-swatch2","siteRef":"100"},{"ref":"16635","section":"site","name":"color__body--background","value":"@color-swatch1","siteRef":"100"},{"ref":"16636","section":"site","name":"color__link--text","value":"@color__secondary","siteRef":"100"},{"ref":"16637","section":"site","name":"color__companyname--text","value":"@font-swatch10-color","siteRef":"100"},{"ref":"16638","section":"site","name":"font__companyname--font-family","value":"@font-swatch10-font-family","siteRef":"100"},{"ref":"16639","section":"site","name":"font__companyname--font-size","value":"@font-swatch10-font-size","siteRef":"100"},{"ref":"16640","section":"site","name":"font__companyname--font-weight","value":"@font-swatch10-font-weight","siteRef":"100"},{"ref":"16641","section":"site","name":"font__companyname--line-height","value":"@font-swatch10-line-height","siteRef":"100"},{"ref":"16642","section":"site","name":"font__companyname--letter-spacing","value":"@font-swatch10-letter-spacing","siteRef":"100"},{"ref":"16643","section":"typography","name":"color__h1--text","value":"@font-swatch1-color","siteRef":"100"},{"ref":"16644","section":"typography","name":"font__h1--font-family","value":"@font-swatch1-font-family","siteRef":"100"},{"ref":"16645","section":"typography","name":"font__h1--font-size","value":"@font-swatch1-font-size","siteRef":"100"},{"ref":"16646","section":"typography","name":"font__h1--font-weight","value":"@font-swatch1-font-weight","siteRef":"100"},{"ref":"16647","section":"typography","name":"font__h1--line-height","value":"@font-swatch1-line-height","siteRef":"100"},{"ref":"16648","section":"typography","name":"font__h1--letter-spacing","value":"@font-swatch1-letter-spacing","siteRef":"100"},{"ref":"16649","section":"typography","name":"color__h2--text","value":"@font-swatch2-color","siteRef":"100"},{"ref":"16650","section":"typography","name":"font__h2--font-family","value":"@font-swatch2-font-family","siteRef":"100"},{"ref":"16651","section":"typography","name":"font__h2--font-size","value":"@font-swatch2-font-size","siteRef":"100"},{"ref":"16652","section":"typography","name":"font__h2--font-weight","value":"@font-swatch2-font-weight","siteRef":"100"},{"ref":"16653","section":"typography","name":"font__h2--line-height","value":"@font-swatch2-line-height","siteRef":"100"},{"ref":"16654","section":"typography","name":"font__h2--letter-spacing","value":"@font-swatch2-letter-spacing","siteRef":"100"},{"ref":"16655","section":"typography","name":"color__h3--text","value":"@font-swatch3-color","siteRef":"100"},{"ref":"16656","section":"typography","name":"font__h3--font-family","value":"@font-swatch3-font-family","siteRef":"100"},{"ref":"16657","section":"typography","name":"font__h3--font-size","value":"@font-swatch3-font-size","siteRef":"100"},{"ref":"16658","section":"typography","name":"font__h3--font-weight","value":"@font-swatch3-font-weight","siteRef":"100"},{"ref":"16659","section":"typography","name":"font__h3--line-height","value":"@font-swatch3-line-height","siteRef":"100"},{"ref":"16660","section":"typography","name":"font__h3--letter-spacing","value":"@font-swatch3-letter-spacing","siteRef":"100"},{"ref":"16661","section":"typography","name":"color__h4--text","value":"@font-swatch4-color","siteRef":"100"},{"ref":"16662","section":"typography","name":"font__h4--font-family","value":"@font-swatch4-font-family","siteRef":"100"},{"ref":"16663","section":"typography","name":"font__h4--font-size","value":"@font-swatch4-font-size","siteRef":"100"},{"ref":"16664","section":"typography","name":"font__h4--font-weight","value":"@font-swatch4-font-weight","siteRef":"100"},{"ref":"16665","section":"typography","name":"font__h4--line-height","value":"@font-swatch4-line-height","siteRef":"100"},{"ref":"16666","section":"typography","name":"font__h4--letter-spacing","value":"@font-swatch4-letter-spacing","siteRef":"100"},{"ref":"16667","section":"typography","name":"color__p--text","value":"@font-swatch5-color","siteRef":"100"},{"ref":"16668","section":"typography","name":"font__p--font-family","value":"@font-swatch5-font-family","siteRef":"100"},{"ref":"16669","section":"typography","name":"font__p--font-size","value":"@font-swatch5-font-size","siteRef":"100"},{"ref":"16670","section":"typography","name":"font__p--font-weight","value":"@font-swatch5-font-weight","siteRef":"100"},{"ref":"16671","section":"typography","name":"font__p--line-height","value":"@font-swatch5-line-height","siteRef":"100"},{"ref":"16672","section":"typography","name":"font__p--letter-spacing","value":"@font-swatch5-letter-spacing","siteRef":"100"},{"ref":"16673","section":"button","name":"color__button--background","value":"@color__primary","siteRef":"100"},{"ref":"16674","section":"button","name":"color__button--background--hover","value":"@color__secondary","siteRef":"100"},{"ref":"16675","section":"button","name":"color__button--text","value":"@font-swatch7-color","siteRef":"100"},{"ref":"16676","section":"button","name":"font__button--font-family","value":"@font-swatch7-font-family","siteRef":"100"},{"ref":"16677","section":"button","name":"font__button--font-size","value":"@font-swatch7-font-size","siteRef":"100"},{"ref":"16678","section":"button","name":"font__button--font-weight","value":"@font-swatch7-font-weight","siteRef":"100"},{"ref":"16679","section":"button","name":"font__button--line-height","value":"@font-swatch7-line-height","siteRef":"100"},{"ref":"16680","section":"button","name":"font__button--letter-spacing","value":"@font-swatch7-letter-spacing","siteRef":"100"},{"ref":"16681","section":"navigation","name":"color__navigation--text","value":"@font-swatch6-color","siteRef":"100"},{"ref":"16682","section":"navigation","name":"color__navigation--text--hover","value":"@font-swatch6-color-hover","siteRef":"100"},{"ref":"16683","section":"navigation","name":"color__navigation--text--selected","value":"@color__primary","siteRef":"100"},{"ref":"16684","section":"navigation","name":"color__navigation--background","value":"@color__body--background","siteRef":"100"},{"ref":"16685","section":"navigation","name":"font__navigation--font-family","value":"@font-swatch6-font-family","siteRef":"100"},{"ref":"16686","section":"navigation","name":"font__navigation--font-size","value":"@font-swatch6-font-size","siteRef":"100"},{"ref":"16687","section":"navigation","name":"font__navigation--font-weight","value":"@font-swatch6-font-weight","siteRef":"100"},{"ref":"16688","section":"navigation","name":"font__navigation--line-height","value":"@font-swatch6-line-height","siteRef":"100"},{"ref":"16689","section":"navigation","name":"font__navigation--letter-spacing","value":"@font-swatch6-letter-spacing","siteRef":"100"},{"ref":"16690","section":"feature","name":"color__feature-headline--text","value":"@font-swatch8-color","siteRef":"100"},{"ref":"16691","section":"feature","name":"color__feature-strapline--text","value":"@font-swatch9-color","siteRef":"100"},{"ref":"16692","section":"feature","name":"color__feature-button--text","value":"@font-swatch7-color","siteRef":"100"},{"ref":"16693","section":"feature","name":"color__feature-button--background","value":"@color__secondary","siteRef":"100"},{"ref":"16694","section":"feature","name":"color__feature-button--background--hover","value":"darken(@color__secondary, 10%)","siteRef":"100"},{"ref":"16695","section":"feature","name":"color__feature-button--border","value":"transparent","siteRef":"100"},{"ref":"16696","section":"feature","name":"color__feature-content--background","value":"#000000","siteRef":"100"},{"ref":"16697","section":"feature","name":"font__feature-headline--font-family","value":"@font-swatch8-font-family","siteRef":"100"},{"ref":"16698","section":"feature","name":"font__feature-headline--font-size","value":"@font-swatch8-font-size","siteRef":"100"},{"ref":"16699","section":"feature","name":"font__feature-headline--font-weight","value":"@font-swatch8-font-weight","siteRef":"100"},{"ref":"16700","section":"feature","name":"font__feature-headline--line-height","value":"@font-swatch8-line-height","siteRef":"100"},{"ref":"16701","section":"feature","name":"font__feature-headline--letter-spacing","value":"@font-swatch8-letter-spacing","siteRef":"100"},{"ref":"16702","section":"feature","name":"font__feature-strapline--font-family","value":"@font-swatch9-font-family","siteRef":"100"},{"ref":"16703","section":"feature","name":"font__feature-strapline--font-size","value":"@font-swatch9-font-size","siteRef":"100"},{"ref":"16704","section":"feature","name":"font__feature-strapline--font-weight","value":"@font-swatch9-font-weight","siteRef":"100"},{"ref":"16705","section":"feature","name":"font__feature-strapline--line-height","value":"@font-swatch9-line-height","siteRef":"100"},{"ref":"16706","section":"feature","name":"font__feature-strapline--letter-spacing","value":"@font-swatch9-letter-spacing","siteRef":"100"},{"ref":"16707","section":"forms","name":"color__form--background","value":"darken(@color__body--background, 3%)","siteRef":"100"},{"ref":"16708","section":"forms","name":"color__form-legend--text","value":"darken(@font-swatch5-color, 4%)","siteRef":"100"},{"ref":"16709","section":"forms","name":"color__form-legend--background","value":"darken(@color__body--background, 6%)","siteRef":"100"},{"ref":"16710","section":"forms","name":"color__form-label--text","value":"@font-swatch5-color","siteRef":"100"},{"ref":"16711","section":"image","name":"color__image-title--text","value":"@color-swatch4","siteRef":"100"},{"ref":"16712","section":"image","name":"color__image-description--text","value":"@color-swatch5","siteRef":"100"},{"ref":"16713","section":"twitter","name":"color__twitter-item--background","value":"darken(@color__body--background, 2%)","siteRef":"100"},{"ref":"16714","section":"twitter","name":"color__twitter-account-name--text","value":"@color__secondary","siteRef":"100"},{"ref":"16715","section":"twitter","name":"color__twitter-tweet--text","value":"@font-swatch5-color","siteRef":"100"},{"ref":"16716","section":"socialicons","name":"color__socialicons--icon","value":"@color-swatch1","siteRef":"100"},{"ref":"16717","section":"socialicons","name":"color__socialicons--icon--background","value":"@font-swatch6-color","siteRef":"100"},{"ref":"16718","section":"blog","name":"color__blogpostlist-title--text","value":"@color__secondary","siteRef":"100"},{"ref":"16719","section":"blog","name":"color__blogpost-title--text","value":"@font-swatch1-color","siteRef":"100"},{"ref":"16720","section":"ecommerce","name":"color__ecomproductslist-label--text","value":"@color__form-label--text","siteRef":"100"},{"ref":"16721","section":"ecommerce","name":"color__ecomproductslist-product-title--text","value":"@font-swatch3-color","siteRef":"100"},{"ref":"16722","section":"ecommerce","name":"color__ecomproductslist-filters--background","value":"darken(@color__body--background, 3%)","siteRef":"100"},{"ref":"16723","section":"ecommerce","name":"color__ecomproduct--background","value":"darken(@color__body--background, 3%)","siteRef":"100"},{"ref":"16724","section":"ecommerce","name":"color__ecomproduct-title--text","value":"@font-swatch1-color","siteRef":"100"},{"ref":"16725","section":"ecommerce","name":"color__ecomproduct-price--text","value":"@font-swatch3-color","siteRef":"100"},{"ref":"16726","section":"ecommerce","name":"color__ecombasket-button--background","value":"@color__primary","siteRef":"100"},{"ref":"16727","section":"ecommerce","name":"color__ecombasket-button--background--hover","value":"@color__secondary","siteRef":"100"},{"ref":"16728","section":"ecommerce","name":"color__ecombasket-button--text","value":"@font-swatch7-color","siteRef":"100"}]