[{"ref":"18416","section":"colors","name":"color__primary","value":"@color-swatch3","siteRef":"106"},{"ref":"18417","section":"colors","name":"color__secondary","value":"@color-swatch2","siteRef":"106"},{"ref":"18418","section":"site","name":"color__body--background","value":"@color-swatch1","siteRef":"106"},{"ref":"18419","section":"site","name":"color__link--text","value":"@color__secondary","siteRef":"106"},{"ref":"18420","section":"site","name":"color__companyname--text","value":"@font-swatch10-color","siteRef":"106"},{"ref":"18421","section":"site","name":"font__companyname--font-family","value":"@font-swatch10-font-family","siteRef":"106"},{"ref":"18422","section":"site","name":"font__companyname--font-size","value":"@font-swatch10-font-size","siteRef":"106"},{"ref":"18423","section":"site","name":"font__companyname--font-weight","value":"@font-swatch10-font-weight","siteRef":"106"},{"ref":"18424","section":"site","name":"font__companyname--line-height","value":"@font-swatch10-line-height","siteRef":"106"},{"ref":"18425","section":"site","name":"font__companyname--letter-spacing","value":"@font-swatch10-letter-spacing","siteRef":"106"},{"ref":"18426","section":"typography","name":"color__h1--text","value":"@font-swatch1-color","siteRef":"106"},{"ref":"18427","section":"typography","name":"font__h1--font-family","value":"@font-swatch1-font-family","siteRef":"106"},{"ref":"18428","section":"typography","name":"font__h1--font-size","value":"@font-swatch1-font-size","siteRef":"106"},{"ref":"18429","section":"typography","name":"font__h1--font-weight","value":"@font-swatch1-font-weight","siteRef":"106"},{"ref":"18430","section":"typography","name":"font__h1--line-height","value":"@font-swatch1-line-height","siteRef":"106"},{"ref":"18431","section":"typography","name":"font__h1--letter-spacing","value":"@font-swatch1-letter-spacing","siteRef":"106"},{"ref":"18432","section":"typography","name":"color__h2--text","value":"@font-swatch2-color","siteRef":"106"},{"ref":"18433","section":"typography","name":"font__h2--font-family","value":"@font-swatch2-font-family","siteRef":"106"},{"ref":"18434","section":"typography","name":"font__h2--font-size","value":"@font-swatch2-font-size","siteRef":"106"},{"ref":"18435","section":"typography","name":"font__h2--font-weight","value":"@font-swatch2-font-weight","siteRef":"106"},{"ref":"18436","section":"typography","name":"font__h2--line-height","value":"@font-swatch2-line-height","siteRef":"106"},{"ref":"18437","section":"typography","name":"font__h2--letter-spacing","value":"@font-swatch2-letter-spacing","siteRef":"106"},{"ref":"18438","section":"typography","name":"color__h3--text","value":"@font-swatch3-color","siteRef":"106"},{"ref":"18439","section":"typography","name":"font__h3--font-family","value":"@font-swatch3-font-family","siteRef":"106"},{"ref":"18440","section":"typography","name":"font__h3--font-size","value":"@font-swatch3-font-size","siteRef":"106"},{"ref":"18441","section":"typography","name":"font__h3--font-weight","value":"@font-swatch3-font-weight","siteRef":"106"},{"ref":"18442","section":"typography","name":"font__h3--line-height","value":"@font-swatch3-line-height","siteRef":"106"},{"ref":"18443","section":"typography","name":"font__h3--letter-spacing","value":"@font-swatch3-letter-spacing","siteRef":"106"},{"ref":"18444","section":"typography","name":"color__h4--text","value":"@font-swatch4-color","siteRef":"106"},{"ref":"18445","section":"typography","name":"font__h4--font-family","value":"@font-swatch4-font-family","siteRef":"106"},{"ref":"18446","section":"typography","name":"font__h4--font-size","value":"@font-swatch4-font-size","siteRef":"106"},{"ref":"18447","section":"typography","name":"font__h4--font-weight","value":"@font-swatch4-font-weight","siteRef":"106"},{"ref":"18448","section":"typography","name":"font__h4--line-height","value":"@font-swatch4-line-height","siteRef":"106"},{"ref":"18449","section":"typography","name":"font__h4--letter-spacing","value":"@font-swatch4-letter-spacing","siteRef":"106"},{"ref":"18450","section":"typography","name":"color__p--text","value":"@font-swatch5-color","siteRef":"106"},{"ref":"18451","section":"typography","name":"font__p--font-family","value":"@font-swatch5-font-family","siteRef":"106"},{"ref":"18452","section":"typography","name":"font__p--font-size","value":"@font-swatch5-font-size","siteRef":"106"},{"ref":"18453","section":"typography","name":"font__p--font-weight","value":"@font-swatch5-font-weight","siteRef":"106"},{"ref":"18454","section":"typography","name":"font__p--line-height","value":"@font-swatch5-line-height","siteRef":"106"},{"ref":"18455","section":"typography","name":"font__p--letter-spacing","value":"@font-swatch5-letter-spacing","siteRef":"106"},{"ref":"18456","section":"button","name":"color__button--background","value":"@color__primary","siteRef":"106"},{"ref":"18457","section":"button","name":"color__button--background--hover","value":"@color__secondary","siteRef":"106"},{"ref":"18458","section":"button","name":"color__button--text","value":"@font-swatch7-color","siteRef":"106"},{"ref":"18459","section":"button","name":"font__button--font-family","value":"@font-swatch7-font-family","siteRef":"106"},{"ref":"18460","section":"button","name":"font__button--font-size","value":"@font-swatch7-font-size","siteRef":"106"},{"ref":"18461","section":"button","name":"font__button--font-weight","value":"@font-swatch7-font-weight","siteRef":"106"},{"ref":"18462","section":"button","name":"font__button--line-height","value":"@font-swatch7-line-height","siteRef":"106"},{"ref":"18463","section":"button","name":"font__button--letter-spacing","value":"@font-swatch7-letter-spacing","siteRef":"106"},{"ref":"18464","section":"navigation","name":"color__navigation--text","value":"@font-swatch6-color","siteRef":"106"},{"ref":"18465","section":"navigation","name":"color__navigation--text--hover","value":"@font-swatch6-color-hover","siteRef":"106"},{"ref":"18466","section":"navigation","name":"color__navigation--text--selected","value":"@color__primary","siteRef":"106"},{"ref":"18467","section":"navigation","name":"color__navigation--background","value":"@color__body--background","siteRef":"106"},{"ref":"18468","section":"navigation","name":"font__navigation--font-family","value":"@font-swatch6-font-family","siteRef":"106"},{"ref":"18469","section":"navigation","name":"font__navigation--font-size","value":"@font-swatch6-font-size","siteRef":"106"},{"ref":"18470","section":"navigation","name":"font__navigation--font-weight","value":"@font-swatch6-font-weight","siteRef":"106"},{"ref":"18471","section":"navigation","name":"font__navigation--line-height","value":"@font-swatch6-line-height","siteRef":"106"},{"ref":"18472","section":"navigation","name":"font__navigation--letter-spacing","value":"@font-swatch6-letter-spacing","siteRef":"106"},{"ref":"18473","section":"feature","name":"color__feature-headline--text","value":"@font-swatch8-color","siteRef":"106"},{"ref":"18474","section":"feature","name":"color__feature-strapline--text","value":"@font-swatch9-color","siteRef":"106"},{"ref":"18475","section":"feature","name":"color__feature-button--text","value":"@font-swatch7-color","siteRef":"106"},{"ref":"18476","section":"feature","name":"color__feature-button--background","value":"@color__secondary","siteRef":"106"},{"ref":"18477","section":"feature","name":"color__feature-button--background--hover","value":"darken(@color__secondary, 10%)","siteRef":"106"},{"ref":"18478","section":"feature","name":"color__feature-button--border","value":"transparent","siteRef":"106"},{"ref":"18479","section":"feature","name":"color__feature-content--background","value":"#000000","siteRef":"106"},{"ref":"18480","section":"feature","name":"font__feature-headline--font-family","value":"@font-swatch8-font-family","siteRef":"106"},{"ref":"18481","section":"feature","name":"font__feature-headline--font-size","value":"@font-swatch8-font-size","siteRef":"106"},{"ref":"18482","section":"feature","name":"font__feature-headline--font-weight","value":"@font-swatch8-font-weight","siteRef":"106"},{"ref":"18483","section":"feature","name":"font__feature-headline--line-height","value":"@font-swatch8-line-height","siteRef":"106"},{"ref":"18484","section":"feature","name":"font__feature-headline--letter-spacing","value":"@font-swatch8-letter-spacing","siteRef":"106"},{"ref":"18485","section":"feature","name":"font__feature-strapline--font-family","value":"@font-swatch9-font-family","siteRef":"106"},{"ref":"18486","section":"feature","name":"font__feature-strapline--font-size","value":"@font-swatch9-font-size","siteRef":"106"},{"ref":"18487","section":"feature","name":"font__feature-strapline--font-weight","value":"@font-swatch9-font-weight","siteRef":"106"},{"ref":"18488","section":"feature","name":"font__feature-strapline--line-height","value":"@font-swatch9-line-height","siteRef":"106"},{"ref":"18489","section":"feature","name":"font__feature-strapline--letter-spacing","value":"@font-swatch9-letter-spacing","siteRef":"106"},{"ref":"18490","section":"forms","name":"color__form--background","value":"darken(@color__body--background, 3%)","siteRef":"106"},{"ref":"18491","section":"forms","name":"color__form-legend--text","value":"darken(@font-swatch5-color, 4%)","siteRef":"106"},{"ref":"18492","section":"forms","name":"color__form-legend--background","value":"darken(@color__body--background, 6%)","siteRef":"106"},{"ref":"18493","section":"forms","name":"color__form-label--text","value":"@font-swatch5-color","siteRef":"106"},{"ref":"18494","section":"image","name":"color__image-title--text","value":"@color-swatch4","siteRef":"106"},{"ref":"18495","section":"image","name":"color__image-description--text","value":"@color-swatch5","siteRef":"106"},{"ref":"18496","section":"twitter","name":"color__twitter-item--background","value":"darken(@color__body--background, 2%)","siteRef":"106"},{"ref":"18497","section":"twitter","name":"color__twitter-account-name--text","value":"@color__secondary","siteRef":"106"},{"ref":"18498","section":"twitter","name":"color__twitter-tweet--text","value":"@font-swatch5-color","siteRef":"106"},{"ref":"18499","section":"socialicons","name":"color__socialicons--icon","value":"@color-swatch1","siteRef":"106"},{"ref":"18500","section":"socialicons","name":"color__socialicons--icon--background","value":"@font-swatch6-color","siteRef":"106"},{"ref":"18501","section":"blog","name":"color__blogpostlist-title--text","value":"@color__secondary","siteRef":"106"},{"ref":"18502","section":"blog","name":"color__blogpost-title--text","value":"@font-swatch1-color","siteRef":"106"},{"ref":"18503","section":"ecommerce","name":"color__ecomproductslist-label--text","value":"@color__form-label--text","siteRef":"106"},{"ref":"18504","section":"ecommerce","name":"color__ecomproductslist-product-title--text","value":"@font-swatch3-color","siteRef":"106"},{"ref":"18505","section":"ecommerce","name":"color__ecomproductslist-filters--background","value":"darken(@color__body--background, 3%)","siteRef":"106"},{"ref":"18506","section":"ecommerce","name":"color__ecomproduct--background","value":"darken(@color__body--background, 3%)","siteRef":"106"},{"ref":"18507","section":"ecommerce","name":"color__ecomproduct-title--text","value":"@font-swatch1-color","siteRef":"106"},{"ref":"18508","section":"ecommerce","name":"color__ecomproduct-price--text","value":"@font-swatch3-color","siteRef":"106"},{"ref":"18509","section":"ecommerce","name":"color__ecombasket-button--background","value":"@color__primary","siteRef":"106"},{"ref":"18510","section":"ecommerce","name":"color__ecombasket-button--background--hover","value":"@color__secondary","siteRef":"106"},{"ref":"18511","section":"ecommerce","name":"color__ecombasket-button--text","value":"@font-swatch7-color","siteRef":"106"}]