[{"ref":"4171332","page_id":"266674","id":"page","name":"main","type":"Widget.Template","collection":"zones","position":"0","data":null,"template_ref":"0","library_item_ref":"0","siteRef":"315103","uniqueId":"ERTRhaU0vR14TpV","language":null},{"ref":"4171339","page_id":"266674","id":"page-zones__main","name":"5cc032f4dfaff","type":"widget.image","collection":"widgets","position":"0","data":null,"template_ref":"0","library_item_ref":"0","siteRef":"315103","uniqueId":"Z9v3S8mVhOskHPu","language":null},{"ref":"4171340","page_id":"266674","id":"page-zones__main","name":"5cc0330340b87","type":"widget.content","collection":"widgets","position":"1","data":null,"template_ref":"0","library_item_ref":"0","siteRef":"315103","uniqueId":"F6LKQLKJQOdo2cm","language":null},{"ref":"4171341","page_id":"266674","id":"page-zones__main","name":"5cc03306cd806","type":"widget.content","collection":"widgets","position":"2","data":null,"template_ref":"0","library_item_ref":"0","siteRef":"315103","uniqueId":"h0gUZOxLgWPYJl7","language":null},{"ref":"4171342","page_id":"266674","id":"page-zones__main","name":"5cc0330a7fb59","type":"widget.button","collection":"widgets","position":"3","data":null,"template_ref":"0","library_item_ref":"0","siteRef":"315103","uniqueId":"eqjYwIHAAslGuu7","language":null},{"ref":"4171343","page_id":"266674","id":"page-zones__main","name":"5cc0330ebf7bd","type":"widget.gallery","collection":"widgets","position":"4","data":null,"template_ref":"0","library_item_ref":"0","siteRef":"315103","uniqueId":"ilRF04UUCY2U3VV","language":null},{"ref":"4171344","page_id":"266674","id":"page-zones__main","name":"5cc03326d1daa","type":"widget.responsiveslideshow","collection":"widgets","position":"5","data":null,"template_ref":"0","library_item_ref":"0","siteRef":"315103","uniqueId":"KeeqIttqabkZAmC","language":null},{"ref":"4171345","page_id":"266674","id":"page-zones__main","name":"5cc03333ebb93","type":"widget.clicktocall","collection":"widgets","position":"6","data":null,"template_ref":"0","library_item_ref":"0","siteRef":"315103","uniqueId":"FWPjMTuf8QoPFXy","language":null},{"ref":"4171346","page_id":"266674","id":"page-zones__main","name":"5cc0333831ad6","type":"widget.map","collection":"widgets","position":"7","data":null,"template_ref":"0","library_item_ref":"0","siteRef":"315103","uniqueId":"9xlgxbZ0zLeM6sz","language":null},{"ref":"4171347","page_id":"266674","id":"page-zones__main","name":"5cc0333d0b7cb","type":"widget.line","collection":"widgets","position":"8","data":null,"template_ref":"0","library_item_ref":"0","siteRef":"315103","uniqueId":"Nu9Kt5O8qnvAawn","language":null},{"ref":"4171349","page_id":"266674","id":"page-zones__main","name":"5cc0334473151","type":"widget.contactform","collection":"widgets","position":"9","data":null,"template_ref":"0","library_item_ref":"0","siteRef":"315103","uniqueId":"DqrwjJvcFhhrUiu","language":null},{"ref":"4171350","page_id":"266674","id":"page-zones__main","name":"5cc033616d5e0","type":"widget.signupform","collection":"widgets","position":"10","data":null,"template_ref":"0","library_item_ref":"0","siteRef":"315103","uniqueId":"MmtylWIJTgksAgU","language":null},{"ref":"4171351","page_id":"266674","id":"page-zones__main","name":"5cc03365576d3","type":"widget.advancedcontactform","collection":"widgets","position":"11","data":null,"template_ref":"0","library_item_ref":"0","siteRef":"315103","uniqueId":"J85lKKgEXuh60CP","language":null},{"ref":"4171352","page_id":"266674","id":"page-zones__main","name":"5cc033963927d","type":"widget.dropbox","collection":"widgets","position":"12","data":null,"template_ref":"0","library_item_ref":"0","siteRef":"315103","uniqueId":"sFrOCCNg7tL5iYS","language":null},{"ref":"4171353","page_id":"266674","id":"page-zones__main","name":"5cc0339a5d739","type":"widget.filedownload","collection":"widgets","position":"13","data":null,"template_ref":"0","library_item_ref":"0","siteRef":"315103","uniqueId":"HgUr6vGpor0Hvvc","language":null},{"ref":"4171354","page_id":"266674","id":"page-zones__main","name":"5cc033a0effc1","type":"widget.youtube","collection":"widgets","position":"14","data":null,"template_ref":"0","library_item_ref":"0","siteRef":"315103","uniqueId":"NXx62yvn5t1rKWl","language":null},{"ref":"4171355","page_id":"266674","id":"page-zones__main","name":"5cc033a82d076","type":"widget.twitter","collection":"widgets","position":"15","data":null,"template_ref":"0","library_item_ref":"0","siteRef":"315103","uniqueId":"kViiyvjV6HsHGN0","language":null},{"ref":"4171356","page_id":"266674","id":"page-zones__main","name":"5cc033aba1f42","type":"widget.facebooklike","collection":"widgets","position":"16","data":null,"template_ref":"0","library_item_ref":"0","siteRef":"315103","uniqueId":"z5OBEYy562IchJm","language":null},{"ref":"4171357","page_id":"266674","id":"page-zones__main","name":"5cc033b05c2ca","type":"widget.tweet","collection":"widgets","position":"17","data":null,"template_ref":"0","library_item_ref":"0","siteRef":"315103","uniqueId":"iiuR894wO49ZbBL","language":null},{"ref":"4171358","page_id":"266674","id":"page-zones__main","name":"5cc033bc67da0","type":"widget.socialicons","collection":"widgets","position":"18","data":null,"template_ref":"0","library_item_ref":"0","siteRef":"315103","uniqueId":"HUkJLW4RCe9A2UE","language":null},{"ref":"4171360","page_id":"266674","id":"page-zones__main","name":"5cc033c548cec","type":"widget.blogpostlist","collection":"widgets","position":"19","data":null,"template_ref":"0","library_item_ref":"0","siteRef":"315103","uniqueId":"LVap7w7vGmEZRTr","language":null},{"ref":"4171361","page_id":"266674","id":"page-zones__main","name":"5cc033c9dffda","type":"widget.blogsearch","collection":"widgets","position":"20","data":null,"template_ref":"0","library_item_ref":"0","siteRef":"315103","uniqueId":"zuSRUH46a2S5gHo","language":null},{"ref":"4171362","page_id":"266674","id":"page-zones__main","name":"5cc033d3ca5fc","type":"widget.paypalbuynow","collection":"widgets","position":"21","data":null,"template_ref":"0","library_item_ref":"0","siteRef":"315103","uniqueId":"K8W4sX0Qrsd2Izz","language":null},{"ref":"4171363","page_id":"266674","id":"page-zones__main","name":"5cc033d9bd5c1","type":"widget.ecomproductslist","collection":"widgets","position":"22","data":null,"template_ref":"0","library_item_ref":"0","siteRef":"315103","uniqueId":"lGzQVVm73XnceOc","language":null},{"ref":"4171364","page_id":"266674","id":"page-zones__main","name":"5cc033e106277","type":"widget.ecomfeaturedproducts","collection":"widgets","position":"23","data":null,"template_ref":"0","library_item_ref":"0","siteRef":"315103","uniqueId":"8u352OCHNlHh6bj","language":null},{"ref":"4171365","page_id":"266674","id":"page-zones__main","name":"5cc033e5112a4","type":"widget.ecomcategorieslist","collection":"widgets","position":"24","data":null,"template_ref":"0","library_item_ref":"0","siteRef":"315103","uniqueId":"oC89xUI31pfacvL","language":null},{"ref":"4171366","page_id":"266678","id":"page","name":"main","type":"Widget.Template","collection":"zones","position":"0","data":null,"template_ref":"0","library_item_ref":"0","siteRef":"315103","uniqueId":"s6hyg5NONCKPEyI","language":null},{"ref":"4171373","page_id":"266678","id":"page-zones__main-widgets__5cc03455623f6-zones__5cc0345573dce","name":"5cc0345584096","type":"widget.image","collection":"widgets","position":"0","data":null,"template_ref":"0","library_item_ref":"0","siteRef":"315103","uniqueId":"MeroWcG1Q2TrwuJ","language":null},{"ref":"4171374","page_id":"266678","id":"page-zones__main","name":"5cc03455623f6","type":"Widget.responsivecolumns","collection":"widgets","position":"0","data":null,"template_ref":"0","library_item_ref":"0","siteRef":"315103","uniqueId":"3mcnOJ8g70X1EKN","language":null},{"ref":"4171375","page_id":"266678","id":"page-zones__main-widgets__5cc03455623f6","name":"5cc0345573dce","type":"Widget.Columns.Column","collection":"zones","position":"0","data":null,"template_ref":"0","library_item_ref":"0","siteRef":"315103","uniqueId":"LWdjZSlwJCThTNT","language":null},{"ref":"4171376","page_id":"266678","id":"page-zones__main-widgets__5cc03455623f6","name":"5cc034557b762","type":"Widget.Columns.Column","collection":"zones","position":"1","data":null,"template_ref":"0","library_item_ref":"0","siteRef":"315103","uniqueId":"0XBUz8lGbDFn1TU","language":null},{"ref":"4171377","page_id":"266678","id":"page-zones__main-widgets__5cc03455623f6-zones__5cc034557b762","name":"5cc034558784c","type":"widget.image","collection":"widgets","position":"0","data":null,"template_ref":"0","library_item_ref":"0","siteRef":"315103","uniqueId":"UWd0QyUSxAI0gXG","language":null},{"ref":"4171378","page_id":"266678","id":"page-zones__main-widgets__5cc03455623f6","name":"5cc0345e126a5","type":"Widget.Columns.Column","collection":"zones","position":"2","data":null,"template_ref":"0","library_item_ref":"0","siteRef":"315103","uniqueId":"ZrOt2NG3iykr6rc","language":null},{"ref":"4171379","page_id":"266678","id":"page-zones__main-widgets__5cc03455623f6-zones__5cc0345e126a5","name":"5cc0345e22a89","type":"widget.image","collection":"widgets","position":"0","data":null,"template_ref":"0","library_item_ref":"0","siteRef":"315103","uniqueId":"cRwethN84sH5Fij","language":null},{"ref":"4171380","page_id":"266678","id":"page-zones__main-widgets__5cc03455623f6-zones__5cc0345573dce","name":"5cc03470817ba","type":"widget.content","collection":"widgets","position":"1","data":null,"template_ref":"0","library_item_ref":"0","siteRef":"315103","uniqueId":"qYMnC3X7ooxDU4Q","language":null},{"ref":"4171381","page_id":"266678","id":"page-zones__main-widgets__5cc03455623f6-zones__5cc034557b762","name":"5cc03473a5b99","type":"widget.content","collection":"widgets","position":"1","data":null,"template_ref":"0","library_item_ref":"0","siteRef":"315103","uniqueId":"JjKSmwwqOKprz0v","language":null},{"ref":"4171382","page_id":"266678","id":"page-zones__main-widgets__5cc03455623f6-zones__5cc0345e126a5","name":"5cc03476ee2ff","type":"widget.content","collection":"widgets","position":"1","data":null,"template_ref":"0","library_item_ref":"0","siteRef":"315103","uniqueId":"hCMohtfya6hqVM3","language":null},{"ref":"4171383","page_id":"266678","id":"page-zones__main-widgets__5cc03455623f6-zones__5cc0345573dce","name":"5cc03479e2d01","type":"widget.content","collection":"widgets","position":"2","data":null,"template_ref":"0","library_item_ref":"0","siteRef":"315103","uniqueId":"ZG93HdKQnQWOEP5","language":null},{"ref":"4171384","page_id":"266678","id":"page-zones__main-widgets__5cc03455623f6-zones__5cc034557b762","name":"5cc0347fbe845","type":"widget.content","collection":"widgets","position":"2","data":null,"template_ref":"0","library_item_ref":"0","siteRef":"315103","uniqueId":"MZn8ZhA1aoT0Pnr","language":null},{"ref":"4171385","page_id":"266678","id":"page-zones__main-widgets__5cc03455623f6-zones__5cc0345e126a5","name":"5cc034865ba2f","type":"widget.content","collection":"widgets","position":"2","data":null,"template_ref":"0","library_item_ref":"0","siteRef":"315103","uniqueId":"sOtRaNDXP2CbWjg","language":null},{"ref":"4171386","page_id":"266678","id":"page-zones__main-widgets__5cc03455623f6-zones__5cc0345573dce","name":"5cc03492d65ee","type":"widget.button","collection":"widgets","position":"3","data":null,"template_ref":"0","library_item_ref":"0","siteRef":"315103","uniqueId":"uG1BHru4KunRCIu","language":null},{"ref":"4171387","page_id":"266678","id":"page-zones__main-widgets__5cc03455623f6-zones__5cc034557b762","name":"5cc034968bc18","type":"widget.button","collection":"widgets","position":"3","data":null,"template_ref":"0","library_item_ref":"0","siteRef":"315103","uniqueId":"aGaUTaNZKA0cCvB","language":null},{"ref":"4171388","page_id":"266678","id":"page-zones__main-widgets__5cc03455623f6-zones__5cc0345e126a5","name":"5cc0349ae130a","type":"widget.button","collection":"widgets","position":"3","data":null,"template_ref":"0","library_item_ref":"0","siteRef":"315103","uniqueId":"AJhRdlLbtDYVWdA","language":null},{"ref":"4171389","page_id":"266678","id":"page-zones__main-widgets__5cc03455623f6-zones__5cc0345573dce","name":"5cc034a268573","type":"widget.gallery","collection":"widgets","position":"4","data":null,"template_ref":"0","library_item_ref":"0","siteRef":"315103","uniqueId":"YUhPYSIsMlgdJhK","language":null},{"ref":"4171390","page_id":"266678","id":"page-zones__main-widgets__5cc03455623f6-zones__5cc034557b762","name":"5cc034ab1ee88","type":"widget.gallery","collection":"widgets","position":"4","data":null,"template_ref":"0","library_item_ref":"0","siteRef":"315103","uniqueId":"LTrpMpkU7ej7ygm","language":null},{"ref":"4171391","page_id":"266678","id":"page-zones__main-widgets__5cc03455623f6-zones__5cc0345e126a5","name":"5cc034b4d3661","type":"widget.gallery","collection":"widgets","position":"4","data":null,"template_ref":"0","library_item_ref":"0","siteRef":"315103","uniqueId":"STeDPdFoeygVubW","language":null},{"ref":"4171392","page_id":"266678","id":"page-zones__main-widgets__5cc03455623f6-zones__5cc0345573dce","name":"5cc034bf62cb9","type":"widget.responsiveslideshow","collection":"widgets","position":"5","data":null,"template_ref":"0","library_item_ref":"0","siteRef":"315103","uniqueId":"RpuS1aR7u1aDEw9","language":null},{"ref":"4171393","page_id":"266678","id":"page-zones__main-widgets__5cc03455623f6-zones__5cc034557b762","name":"5cc034dd6dd3c","type":"widget.responsiveslideshow","collection":"widgets","position":"5","data":null,"template_ref":"0","library_item_ref":"0","siteRef":"315103","uniqueId":"2jhCYSfEBGUgoo7","language":null},{"ref":"4171394","page_id":"266678","id":"page-zones__main-widgets__5cc03455623f6-zones__5cc0345e126a5","name":"5cc034ef1fc63","type":"widget.responsiveslideshow","collection":"widgets","position":"5","data":null,"template_ref":"0","library_item_ref":"0","siteRef":"315103","uniqueId":"SM9iveiVC3dMjkR","language":null},{"ref":"4171395","page_id":"266678","id":"page-zones__main-widgets__5cc03455623f6-zones__5cc0345573dce","name":"5cc03513c8877","type":"widget.clicktocall","collection":"widgets","position":"6","data":null,"template_ref":"0","library_item_ref":"0","siteRef":"315103","uniqueId":"3RNw9jE7VCqeJkO","language":null},{"ref":"4171396","page_id":"266678","id":"page-zones__main-widgets__5cc03455623f6-zones__5cc034557b762","name":"5cc035171b532","type":"widget.clicktocall","collection":"widgets","position":"6","data":null,"template_ref":"0","library_item_ref":"0","siteRef":"315103","uniqueId":"zqZRDH3qPPjQ2oM","language":null},{"ref":"4171397","page_id":"266678","id":"page-zones__main-widgets__5cc03455623f6-zones__5cc0345e126a5","name":"5cc0351cc3380","type":"widget.clicktocall","collection":"widgets","position":"6","data":null,"template_ref":"0","library_item_ref":"0","siteRef":"315103","uniqueId":"dxcF8SdtUpHEuw1","language":null},{"ref":"4171398","page_id":"266678","id":"page-zones__main-widgets__5cc03455623f6-zones__5cc0345573dce","name":"5cc03520e832e","type":"widget.map","collection":"widgets","position":"7","data":null,"template_ref":"0","library_item_ref":"0","siteRef":"315103","uniqueId":"c17CgHztZ2QcSiW","language":null},{"ref":"4171399","page_id":"266678","id":"page-zones__main-widgets__5cc03455623f6-zones__5cc034557b762","name":"5cc035270aabe","type":"widget.map","collection":"widgets","position":"7","data":null,"template_ref":"0","library_item_ref":"0","siteRef":"315103","uniqueId":"0JSJQ5X02sZIaQp","language":null},{"ref":"4171400","page_id":"266678","id":"page-zones__main-widgets__5cc03455623f6-zones__5cc0345e126a5","name":"5cc0352b5b364","type":"widget.map","collection":"widgets","position":"7","data":null,"template_ref":"0","library_item_ref":"0","siteRef":"315103","uniqueId":"v80YPu90OCurBsf","language":null},{"ref":"4171401","page_id":"266678","id":"page-zones__main-widgets__5cc03455623f6-zones__5cc0345573dce","name":"5cc03531738a4","type":"widget.line","collection":"widgets","position":"8","data":null,"template_ref":"0","library_item_ref":"0","siteRef":"315103","uniqueId":"XT34l5V7LozuOrD","language":null},{"ref":"4171402","page_id":"266678","id":"page-zones__main-widgets__5cc03455623f6-zones__5cc034557b762","name":"5cc035359fa93","type":"widget.line","collection":"widgets","position":"8","data":null,"template_ref":"0","library_item_ref":"0","siteRef":"315103","uniqueId":"fj6rnxFZpQec7GX","language":null},{"ref":"4171403","page_id":"266678","id":"page-zones__main-widgets__5cc03455623f6-zones__5cc0345e126a5","name":"5cc03538d6f91","type":"widget.line","collection":"widgets","position":"8","data":null,"template_ref":"0","library_item_ref":"0","siteRef":"315103","uniqueId":"7mQfjM2vB7jwtzI","language":null},{"ref":"4171404","page_id":"266678","id":"page-zones__main-widgets__5cc03455623f6-zones__5cc0345573dce","name":"5cc03540af5d6","type":"widget.contactform","collection":"widgets","position":"9","data":null,"template_ref":"0","library_item_ref":"0","siteRef":"315103","uniqueId":"M0XWMDniC7E0Ja6","language":null},{"ref":"4171405","page_id":"266678","id":"page-zones__main-widgets__5cc03455623f6-zones__5cc034557b762","name":"5cc03544d2234","type":"widget.contactform","collection":"widgets","position":"9","data":null,"template_ref":"0","library_item_ref":"0","siteRef":"315103","uniqueId":"lIPElNIxH9MHhGL","language":null},{"ref":"4171406","page_id":"266678","id":"page-zones__main-widgets__5cc03455623f6-zones__5cc0345e126a5","name":"5cc03547d7ea5","type":"widget.contactform","collection":"widgets","position":"9","data":null,"template_ref":"0","library_item_ref":"0","siteRef":"315103","uniqueId":"qEcqndPG3sdLLRv","language":null},{"ref":"4171407","page_id":"266678","id":"page-zones__main-widgets__5cc03455623f6-zones__5cc0345573dce","name":"5cc0354b583a6","type":"widget.signupform","collection":"widgets","position":"10","data":null,"template_ref":"0","library_item_ref":"0","siteRef":"315103","uniqueId":"8XSq8UMRrCwag0G","language":null},{"ref":"4171408","page_id":"266678","id":"page-zones__main-widgets__5cc03455623f6-zones__5cc0345e126a5","name":"5cc035534cd15","type":"widget.signupform","collection":"widgets","position":"10","data":null,"template_ref":"0","library_item_ref":"0","siteRef":"315103","uniqueId":"03b5eKffbvsYGCH","language":null},{"ref":"4171409","page_id":"266678","id":"page-zones__main-widgets__5cc03455623f6-zones__5cc034557b762","name":"5cc0355018025","type":"widget.signupform","collection":"widgets","position":"10","data":null,"template_ref":"0","library_item_ref":"0","siteRef":"315103","uniqueId":"ta9Hng4w250k7ww","language":null},{"ref":"4171410","page_id":"266678","id":"page-zones__main-widgets__5cc03455623f6-zones__5cc0345573dce","name":"5cc03556b3369","type":"widget.advancedcontactform","collection":"widgets","position":"11","data":null,"template_ref":"0","library_item_ref":"0","siteRef":"315103","uniqueId":"LDiUM66VUyy8h1p","language":null},{"ref":"4171411","page_id":"266678","id":"page-zones__main-widgets__5cc03455623f6-zones__5cc034557b762","name":"5cc03559ec78a","type":"widget.advancedcontactform","collection":"widgets","position":"11","data":null,"template_ref":"0","library_item_ref":"0","siteRef":"315103","uniqueId":"9AeJ1m52fH5VEaz","language":null},{"ref":"4171412","page_id":"266678","id":"page-zones__main-widgets__5cc03455623f6-zones__5cc0345e126a5","name":"5cc0355d8b9db","type":"widget.advancedcontactform","collection":"widgets","position":"11","data":null,"template_ref":"0","library_item_ref":"0","siteRef":"315103","uniqueId":"yLTLCxTx6K7ocPI","language":null},{"ref":"4171413","page_id":"266678","id":"page-zones__main-widgets__5cc03455623f6-zones__5cc0345573dce","name":"5cc03560eca98","type":"widget.dropbox","collection":"widgets","position":"12","data":null,"template_ref":"0","library_item_ref":"0","siteRef":"315103","uniqueId":"71xBMZHI3xiKq1I","language":null},{"ref":"4171414","page_id":"266678","id":"page-zones__main-widgets__5cc03455623f6-zones__5cc034557b762","name":"5cc0356397e72","type":"widget.dropbox","collection":"widgets","position":"12","data":null,"template_ref":"0","library_item_ref":"0","siteRef":"315103","uniqueId":"GxHBIkqeKCrVrFJ","language":null},{"ref":"4171415","page_id":"266678","id":"page-zones__main-widgets__5cc03455623f6-zones__5cc0345e126a5","name":"5cc03565bcc07","type":"widget.dropbox","collection":"widgets","position":"12","data":null,"template_ref":"0","library_item_ref":"0","siteRef":"315103","uniqueId":"SRFySzLkGjwlCJ6","language":null},{"ref":"4171416","page_id":"266678","id":"page-zones__main-widgets__5cc03455623f6-zones__5cc0345573dce","name":"5cc03569084fc","type":"widget.filedownload","collection":"widgets","position":"13","data":null,"template_ref":"0","library_item_ref":"0","siteRef":"315103","uniqueId":"6mMOSqMjOpXELKR","language":null},{"ref":"4171417","page_id":"266678","id":"page-zones__main-widgets__5cc03455623f6-zones__5cc034557b762","name":"5cc0356d90b1c","type":"widget.filedownload","collection":"widgets","position":"13","data":null,"template_ref":"0","library_item_ref":"0","siteRef":"315103","uniqueId":"8TnqS5bpKr7aMAc","language":null},{"ref":"4171418","page_id":"266678","id":"page-zones__main-widgets__5cc03455623f6-zones__5cc0345e126a5","name":"5cc0357160ee3","type":"widget.filedownload","collection":"widgets","position":"13","data":null,"template_ref":"0","library_item_ref":"0","siteRef":"315103","uniqueId":"ffAie20sNtjhwha","language":null},{"ref":"4171419","page_id":"266678","id":"page-zones__main-widgets__5cc03455623f6-zones__5cc0345573dce","name":"5cc0357b4012e","type":"widget.youtube","collection":"widgets","position":"14","data":null,"template_ref":"0","library_item_ref":"0","siteRef":"315103","uniqueId":"TksLqV5nvPKpigB","language":null},{"ref":"4171420","page_id":"266678","id":"page-zones__main-widgets__5cc03455623f6-zones__5cc034557b762","name":"5cc0357fe7ae7","type":"widget.youtube","collection":"widgets","position":"14","data":null,"template_ref":"0","library_item_ref":"0","siteRef":"315103","uniqueId":"EiErFJOoan030hn","language":null},{"ref":"4171421","page_id":"266678","id":"page-zones__main-widgets__5cc03455623f6-zones__5cc0345e126a5","name":"5cc03584495ed","type":"widget.youtube","collection":"widgets","position":"14","data":null,"template_ref":"0","library_item_ref":"0","siteRef":"315103","uniqueId":"ZMVMpM06208T0eO","language":null},{"ref":"4171423","page_id":"266678","id":"page-zones__main-widgets__5cc03455623f6-zones__5cc0345573dce","name":"5cc0358d54add","type":"widget.twitter","collection":"widgets","position":"15","data":null,"template_ref":"0","library_item_ref":"0","siteRef":"315103","uniqueId":"tcmiv2FZMdJUaDl","language":null},{"ref":"4171424","page_id":"266678","id":"page-zones__main-widgets__5cc03455623f6-zones__5cc034557b762","name":"5cc03592117f9","type":"widget.twitter","collection":"widgets","position":"15","data":null,"template_ref":"0","library_item_ref":"0","siteRef":"315103","uniqueId":"HtfNUan5tPxyVc7","language":null},{"ref":"4171425","page_id":"266678","id":"page-zones__main-widgets__5cc03455623f6-zones__5cc0345e126a5","name":"5cc03594e94f6","type":"widget.twitter","collection":"widgets","position":"15","data":null,"template_ref":"0","library_item_ref":"0","siteRef":"315103","uniqueId":"puRZSwEaZgCB2dv","language":null},{"ref":"4171426","page_id":"266678","id":"page-zones__main-widgets__5cc03455623f6-zones__5cc0345573dce","name":"5cc03597a185f","type":"widget.facebooklike","collection":"widgets","position":"16","data":null,"template_ref":"0","library_item_ref":"0","siteRef":"315103","uniqueId":"cDmIG16fn1zIP0b","language":null},{"ref":"4171427","page_id":"266678","id":"page-zones__main-widgets__5cc03455623f6-zones__5cc034557b762","name":"5cc0359c76958","type":"widget.facebooklike","collection":"widgets","position":"16","data":null,"template_ref":"0","library_item_ref":"0","siteRef":"315103","uniqueId":"LcC1DnsOhgPdJ5M","language":null},{"ref":"4171428","page_id":"266678","id":"page-zones__main-widgets__5cc03455623f6-zones__5cc0345e126a5","name":"5cc0359ee0b30","type":"widget.facebooklike","collection":"widgets","position":"16","data":null,"template_ref":"0","library_item_ref":"0","siteRef":"315103","uniqueId":"5jqf26sNVO4KD7Q","language":null},{"ref":"4171429","page_id":"266678","id":"page-zones__main-widgets__5cc03455623f6-zones__5cc0345573dce","name":"5cc035a1b34a4","type":"widget.tweet","collection":"widgets","position":"17","data":null,"template_ref":"0","library_item_ref":"0","siteRef":"315103","uniqueId":"jDdRxOqiHOVTpDA","language":null},{"ref":"4171430","page_id":"266678","id":"page-zones__main-widgets__5cc03455623f6-zones__5cc034557b762","name":"5cc035ab60fe0","type":"widget.tweet","collection":"widgets","position":"17","data":null,"template_ref":"0","library_item_ref":"0","siteRef":"315103","uniqueId":"ULzdMkBWC5hMqUS","language":null},{"ref":"4171431","page_id":"266678","id":"page-zones__main-widgets__5cc03455623f6-zones__5cc0345e126a5","name":"5cc035ae33ff2","type":"widget.tweet","collection":"widgets","position":"17","data":null,"template_ref":"0","library_item_ref":"0","siteRef":"315103","uniqueId":"q8GdvBSo49VJu8Y","language":null},{"ref":"4171432","page_id":"266678","id":"page-zones__main-widgets__5cc03455623f6-zones__5cc0345573dce","name":"5cc035b4a83c6","type":"widget.socialicons","collection":"widgets","position":"18","data":null,"template_ref":"0","library_item_ref":"0","siteRef":"315103","uniqueId":"Cimb65UTIYZDmqP","language":null},{"ref":"4171433","page_id":"266678","id":"page-zones__main-widgets__5cc03455623f6-zones__5cc034557b762","name":"5cc035b8ac331","type":"widget.socialicons","collection":"widgets","position":"18","data":null,"template_ref":"0","library_item_ref":"0","siteRef":"315103","uniqueId":"5809Mx5w6xYUjw2","language":null},{"ref":"4171434","page_id":"266678","id":"page-zones__main-widgets__5cc03455623f6-zones__5cc0345e126a5","name":"5cc035bd00de5","type":"widget.socialicons","collection":"widgets","position":"18","data":null,"template_ref":"0","library_item_ref":"0","siteRef":"315103","uniqueId":"lhh3xq9jxNgVJ8d","language":null},{"ref":"4171435","page_id":"266678","id":"page-zones__main-widgets__5cc03455623f6-zones__5cc0345573dce","name":"5cc035c3792e9","type":"widget.blogpostlist","collection":"widgets","position":"19","data":null,"template_ref":"0","library_item_ref":"0","siteRef":"315103","uniqueId":"6CT761uL7Bjo2Yn","language":null},{"ref":"4171436","page_id":"266678","id":"page-zones__main-widgets__5cc03455623f6-zones__5cc034557b762","name":"5cc035c751bc3","type":"widget.blogpostlist","collection":"widgets","position":"19","data":null,"template_ref":"0","library_item_ref":"0","siteRef":"315103","uniqueId":"cBXL4FfBAuMGZV2","language":null},{"ref":"4171437","page_id":"266678","id":"page-zones__main-widgets__5cc03455623f6-zones__5cc0345e126a5","name":"5cc035cc61663","type":"widget.blogpostlist","collection":"widgets","position":"19","data":null,"template_ref":"0","library_item_ref":"0","siteRef":"315103","uniqueId":"H2n5TcuHJyjmwTG","language":null},{"ref":"4171438","page_id":"266678","id":"page-zones__main-widgets__5cc03455623f6-zones__5cc0345573dce","name":"5cc035d21ff24","type":"widget.blogsearch","collection":"widgets","position":"20","data":null,"template_ref":"0","library_item_ref":"0","siteRef":"315103","uniqueId":"1Q5yo5lVsAnaPXV","language":null},{"ref":"4171439","page_id":"266678","id":"page-zones__main-widgets__5cc03455623f6-zones__5cc034557b762","name":"5cc035d4d3e75","type":"widget.blogsearch","collection":"widgets","position":"20","data":null,"template_ref":"0","library_item_ref":"0","siteRef":"315103","uniqueId":"ogQfO5Pc8tmFGEP","language":null},{"ref":"4171440","page_id":"266678","id":"page-zones__main-widgets__5cc03455623f6-zones__5cc0345e126a5","name":"5cc035d80e939","type":"widget.blogsearch","collection":"widgets","position":"20","data":null,"template_ref":"0","library_item_ref":"0","siteRef":"315103","uniqueId":"IkfScSbVy2unNbm","language":null},{"ref":"4171441","page_id":"266678","id":"page-zones__main-widgets__5cc03455623f6-zones__5cc0345573dce","name":"5cc035df7e9c3","type":"widget.paypalbuynow","collection":"widgets","position":"21","data":null,"template_ref":"0","library_item_ref":"0","siteRef":"315103","uniqueId":"eaNXYWIVbLNmpIo","language":null},{"ref":"4171442","page_id":"266678","id":"page-zones__main-widgets__5cc03455623f6-zones__5cc034557b762","name":"5cc035e3054bf","type":"widget.paypalbuynow","collection":"widgets","position":"21","data":null,"template_ref":"0","library_item_ref":"0","siteRef":"315103","uniqueId":"po0nfC6y8o5vzsp","language":null},{"ref":"4171443","page_id":"266678","id":"page-zones__main-widgets__5cc03455623f6-zones__5cc0345e126a5","name":"5cc035e5735ca","type":"widget.paypalbuynow","collection":"widgets","position":"21","data":null,"template_ref":"0","library_item_ref":"0","siteRef":"315103","uniqueId":"LKtyi1ZKLdzQs8y","language":null},{"ref":"4171444","page_id":"266678","id":"page-zones__main-widgets__5cc03455623f6-zones__5cc0345573dce","name":"5cc035e8e709d","type":"widget.ecomproductslist","collection":"widgets","position":"22","data":null,"template_ref":"0","library_item_ref":"0","siteRef":"315103","uniqueId":"6zQL60ipS58l58J","language":null},{"ref":"4171445","page_id":"266678","id":"page-zones__main-widgets__5cc03455623f6-zones__5cc034557b762","name":"5cc035ee286f5","type":"widget.ecomproductslist","collection":"widgets","position":"22","data":null,"template_ref":"0","library_item_ref":"0","siteRef":"315103","uniqueId":"OB95SBQzavR6YV9","language":null},{"ref":"4171446","page_id":"266678","id":"page-zones__main-widgets__5cc03455623f6-zones__5cc0345e126a5","name":"5cc035f3abdcb","type":"widget.ecomproductslist","collection":"widgets","position":"22","data":null,"template_ref":"0","library_item_ref":"0","siteRef":"315103","uniqueId":"I80j91vsg6MDixC","language":null},{"ref":"4171447","page_id":"266678","id":"page-zones__main-widgets__5cc03455623f6-zones__5cc0345573dce","name":"5cc035f9046b2","type":"widget.ecomfeaturedproducts","collection":"widgets","position":"23","data":null,"template_ref":"0","library_item_ref":"0","siteRef":"315103","uniqueId":"l58b4s6BWoNGxwG","language":null},{"ref":"4171448","page_id":"266678","id":"page-zones__main-widgets__5cc03455623f6-zones__5cc034557b762","name":"5cc035fcd4692","type":"widget.ecomfeaturedproducts","collection":"widgets","position":"23","data":null,"template_ref":"0","library_item_ref":"0","siteRef":"315103","uniqueId":"lO3U7QVQD8uZrmf","language":null},{"ref":"4171449","page_id":"266678","id":"page-zones__main-widgets__5cc03455623f6-zones__5cc0345e126a5","name":"5cc0360014386","type":"widget.ecomfeaturedproducts","collection":"widgets","position":"23","data":null,"template_ref":"0","library_item_ref":"0","siteRef":"315103","uniqueId":"2qvX2PBsWUm5uWd","language":null},{"ref":"4171450","page_id":"266678","id":"page-zones__main-widgets__5cc03455623f6-zones__5cc0345573dce","name":"5cc0360322dd0","type":"widget.ecomcategorieslist","collection":"widgets","position":"24","data":null,"template_ref":"0","library_item_ref":"0","siteRef":"315103","uniqueId":"nn2ZJKgOTBsGjaE","language":null},{"ref":"4171451","page_id":"266678","id":"page-zones__main-widgets__5cc03455623f6-zones__5cc034557b762","name":"5cc0360680a9b","type":"widget.ecomcategorieslist","collection":"widgets","position":"24","data":null,"template_ref":"0","library_item_ref":"0","siteRef":"315103","uniqueId":"BqWSczE646K0EEq","language":null},{"ref":"4171452","page_id":"266678","id":"page-zones__main-widgets__5cc03455623f6-zones__5cc0345e126a5","name":"5cc0360975e8b","type":"widget.ecomcategorieslist","collection":"widgets","position":"24","data":null,"template_ref":"0","library_item_ref":"0","siteRef":"315103","uniqueId":"b83bWzh6KWR3GLf","language":null}]